pharmacological_action_name	pharmacological_action_ui	name	ui	entry_term_name	entry_term_ui
Antihypertensive Agents	D000959	Travoprost	D000069557	(((1R)-(1alpha(Z),2beta(1E,3R*),3alpha,5alpha))-7-(3,5-dihydroxy-2-(3-hydroxy-4-(3-trifluoromethyl)phenoxy)-1-butenyl)cyclopentyl)-5-heptenoic acid, 1-methylethyl ester	T468213
Antihypertensive Agents	D000959	Guanethidine	D006145	((2-Hexahydro-1(2H)-azocinyl)ethyl)guanidine	T018645
Antihypertensive Agents	D000959	Timolol	D013999	(S)-1-((1,1-Dimethylethyl)amino)-3-((4-(4-morpholinyl)-1,2,5-thiadazol-3-yl)oxy)-2-propanol	T041059
Antihypertensive Agents	D000959	Captopril	D002216	(S)-1-(3-Mercapto-2-methyl-1-oxopropyl)-L-proline	T006335
Antihypertensive Agents	D000959	Amlodipine, Valsartan Drug Combination	D000068838	- Valsartan, Amlodipine	T000877424
Antihypertensive Agents	D000959	Doxazosin	D017292	1 (4-Amino-6,7-dimethoxy-2-quinazolinyl)-4-((2,3-dihydro-1,4-benzodioxin-2-yl)carbonyl)piperazine	T051612
Antihypertensive Agents	D000959	1-Sarcosine-8-Isoleucine Angiotensin II	D015059	1 Sar 8 Ile Angiotensin II	T043930
Antihypertensive Agents	D000959	1-Sarcosine-8-Isoleucine Angiotensin II	D015059	1 Sarcosine 8 Isoleucine Angiotensin II	T043929
Antihypertensive Agents	D000959	Dihydroalprenolol	D004082	1-((Methylethyl)amino)-3-(2-propylphenoxy)-2-propanol	T012377
Antihypertensive Agents	D000959	Metipranolol	D014290	1-(4-Acetoxy-2,3,5-Trimethylphenoxy)-3-Isopropylamino-2-Propanol	T041832
Antihypertensive Agents	D000959	Enalaprilat	D015773	1-(N-((S)-1-Carboxy-3-phenylpropyl)-L-alanyl)-L-proline dihydrate	T000924961
Antihypertensive Agents	D000959	1-Sarcosine-8-Isoleucine Angiotensin II	D015059	1-(N-Methylglycine)-8-L-Isoleucine-Angiotensin II	T043931
Antihypertensive Agents	D000959	Alprenolol	D000526	1-(o-Allylphenoxy)-3-(isopropylamino)-2-propanol	T001588
Antihypertensive Agents	D000959	1-Sarcosine-8-Isoleucine Angiotensin II	D015059	1-Sar-8-Ile Angiotensin II	T043930
Antihypertensive Agents	D000959	1-Sarcosine-8-Isoleucine Angiotensin II	D015059	1-Sarcosine-8-Isoleucine Angiotensin II	T043929
Antihypertensive Agents	D000959	Brimonidine Tartrate	D000068438	190342, AGN	T095043
Antihypertensive Agents	D000959	Bimatoprost	D000069580	192024, AGN	T437570
Antihypertensive Agents	D000959	Bepridil	D015764	1978 CERM	T046753
Antihypertensive Agents	D000959	Bepridil	D015764	1978-CERM	T046753
Antihypertensive Agents	D000959	Bepridil	D015764	1978CERM	T046753
Antihypertensive Agents	D000959	Nicorandil	D020108	2 Nicotinamidethyl Nitrate	T059859
Antihypertensive Agents	D000959	Nicorandil	D020108	2 Nicotinamidoethyl Nitrate	T059860
Antihypertensive Agents	D000959	Guanabenz	D006143	2,6 Dichlorobenzylideneaminoguanidine	T018637
Antihypertensive Agents	D000959	Guanabenz	D006143	2,6-Dichlorobenzylideneaminoguanidine	T018637
Antihypertensive Agents	D000959	Losartan	D019808	2-Butyl-4-chloro-1-((2'-(1H-etrazol-5-yl) (1,1'-biphenyl)-4-yl)methyl)-1H-imidazole-5-methanol	T058935
Antihypertensive Agents	D000959	Nicorandil	D020108	2-Nicotinamidethyl Nitrate	T059859
Antihypertensive Agents	D000959	Nicorandil	D020108	2-Nicotinamidoethyl Nitrate	T059860
Antihypertensive Agents	D000959	3,4-Dichloro-N-methyl-N-(2-(1-pyrrolidinyl)-cyclohexyl)-benzeneacetamide, (trans)-Isomer	D019900	3,4-Dichloro-N-methyl-N-(2-(1-pyrrolidinyl)-cyclohexyl)-benzeneacetamide, (trans)-Isomer	T426829
Antihypertensive Agents	D000959	3,4-Dichloro-N-methyl-N-(2-(1-pyrrolidinyl)-cyclohexyl)-benzeneacetamide, (trans)-Isomer	D019900	3,4-Dichloro-N-methyl-N-(2-(1-pyrrolidinyl)cyclohexyl)-benzeneacetamide Mesylate, (trans)-(+)-Isomer	T426830
Antihypertensive Agents	D000959	3,4-Dichloro-N-methyl-N-(2-(1-pyrrolidinyl)-cyclohexyl)-benzeneacetamide, (trans)-Isomer	D019900	3,4-Dichloro-N-methyl-N-(2-(1-pyrrolidinyl)cyclohexyl)-benzeneacetamide Mesylate, (trans)-(+-)-Isomer	T359252
Antihypertensive Agents	D000959	3,4-Dichloro-N-methyl-N-(2-(1-pyrrolidinyl)-cyclohexyl)-benzeneacetamide, (trans)-Isomer	D019900	3,4-Dichloro-N-methyl-N-(2-(1-pyrrolidinyl)cyclohexyl)-benzeneacetamide Monohydrochloride, (trans)-(+-)-Isomer,	T359250
Antihypertensive Agents	D000959	3,4-Dichloro-N-methyl-N-(2-(1-pyrrolidinyl)-cyclohexyl)-benzeneacetamide, (trans)-Isomer	D019900	3,4-Dichloro-N-methyl-N-(2-(1-pyrrolidinyl)cyclohexyl)-benzeneacetamide Monomethanesulfonate, (trans)-(+)-Isomer	T359245
Antihypertensive Agents	D000959	3,4-Dichloro-N-methyl-N-(2-(1-pyrrolidinyl)-cyclohexyl)-benzeneacetamide, (trans)-Isomer	D019900	3,4-Dichloro-N-methyl-N-(2-(1-pyrrolidinyl)cyclohexyl)-benzeneacetamide Monomethanesulfonate, (trans)-(+-)-Isomer	T426831
Antihypertensive Agents	D000959	3,4-Dichloro-N-methyl-N-(2-(1-pyrrolidinyl)-cyclohexyl)-benzeneacetamide, (trans)-Isomer	D019900	3,4-Dichloro-N-methyl-N-(2-(1-pyrrolidinyl)cyclohexyl)-benzeneacetamide Monomethanesulfonate, (trans)-Isomer	T359244
Antihypertensive Agents	D000959	3,4-Dichloro-N-methyl-N-(2-(1-pyrrolidinyl)-cyclohexyl)-benzeneacetamide, (trans)-Isomer	D019900	3,4-Dichloro-N-methyl-N-(2-(1-pyrrolidinyl)cyclohexyl)-benzeneacetamide, (1R-cis)-Isomer	T359247
Antihypertensive Agents	D000959	3,4-Dichloro-N-methyl-N-(2-(1-pyrrolidinyl)-cyclohexyl)-benzeneacetamide, (trans)-Isomer	D019900	3,4-Dichloro-N-methyl-N-(2-(1-pyrrolidinyl)cyclohexyl)-benzeneacetamide, (1S-cis)-Isomer	T359246
Antihypertensive Agents	D000959	3,4-Dichloro-N-methyl-N-(2-(1-pyrrolidinyl)-cyclohexyl)-benzeneacetamide, (trans)-Isomer	D019900	3,4-Dichloro-N-methyl-N-(2-(1-pyrrolidinyl)cyclohexyl)-benzeneacetamide, (trans)-(+-)-Isomer	T359251
Antihypertensive Agents	D000959	3,4-Dichloro-N-methyl-N-(2-(1-pyrrolidinyl)-cyclohexyl)-benzeneacetamide, (trans)-Isomer	D019900	3,4-Dichloro-N-methyl-N-(2-(1-pyrrolidinyl)cyclohexyl)-benzeneacetamide, (trans)-(-)-Isomer	T359249
Antihypertensive Agents	D000959	Ketanserin	D007650	3-(2-(4-(4-Fluorobenzoyl)piperidinol)ethyl)-2,4(1H,3H)-quinazolinedione	T022986
Antihypertensive Agents	D000959	Valsartan	D000068756	48933, CGP	T247348
Antihypertensive Agents	D000959	Brimonidine Tartrate	D000068438	5-Bromo-6-(2-imidazolin-2-ylamino)quinoxaline D-tartrate	T000876771
Antihypertensive Agents	D000959	Olmesartan Medoxomil	D000068557	5-Methyl-2-oxo-1,3-dioxolen-4-yl)methoxy-4-(1-hydroxy-1-methylethyl)-2-propyl-1-(4-(2-(tetrazol-5-yl)phenyl)phenyl)methylimidazol-5-carboxylate - T287346	T000876927
Antihypertensive Agents	D000959	Brimonidine Tartrate	D000068438	5-bromo-6-(imidazolidinylideneamino)quinoxaline	T095041
Antihypertensive Agents	D000959	Brimonidine Tartrate	D000068438	5-bromo-6-(imidazolin-2-ylamino)quinoxaline	T095042
Antihypertensive Agents	D000959	Nebivolol	D000068577	67555, R	T179654
Antihypertensive Agents	D000959	Olmesartan Medoxomil	D000068557	866, CS	T287348
Antihypertensive Agents	D000959	Adrenomedullin	D053607	ADM (1-52)	T334594
Antihypertensive Agents	D000959	Adrenomedullin	D053607	ADM(1-52)	T334595
Antihypertensive Agents	D000959	Brimonidine Tartrate	D000068438	AGN 190342	T095043
Antihypertensive Agents	D000959	Bimatoprost	D000069580	AGN 192024	T437570
Antihypertensive Agents	D000959	Brimonidine Tartrate	D000068438	AGN-190342	T095044
Antihypertensive Agents	D000959	Brimonidine Tartrate	D000068438	AGN190342	T095044
Antihypertensive Agents	D000959	Labetalol	D007741	AH 5158	T023200
Antihypertensive Agents	D000959	Labetalol	D007741	AH-5158	T023200
Antihypertensive Agents	D000959	Labetalol	D007741	AH5158	T023200
Antihypertensive Agents	D000959	Travoprost	D000069557	AL 6221	T468217
Antihypertensive Agents	D000959	Travoprost	D000069557	AL-6221	T468217
Antihypertensive Agents	D000959	Travoprost	D000069557	AL6221	T468218
Antihypertensive Agents	D000959	Betaxolol	D015784	ALO 1401 02	T046806
Antihypertensive Agents	D000959	Betaxolol	D015784	ALO-1401-02	T046806
Antihypertensive Agents	D000959	Betaxolol	D015784	ALO140102	T046806
Antihypertensive Agents	D000959	Ticrynafen	D013989	ANP 3624	T041020
Antihypertensive Agents	D000959	Ticrynafen	D013989	ANP-3624	T041020
Antihypertensive Agents	D000959	Ticrynafen	D013989	ANP3624	T041020
Antihypertensive Agents	D000959	Propranolol	D011433	AY 20694	T033739
Antihypertensive Agents	D000959	Propranolol	D011433	AY-20694	T033739
Antihypertensive Agents	D000959	Propranolol	D011433	AY20694	T033739
Antihypertensive Agents	D000959	Acebutolol	D000070	Acebutolol	T000176
Antihypertensive Agents	D000959	Acebutolol	D000070	Acebutolol Hydrochloride	T361487
Antihypertensive Agents	D000959	Guanabenz	D006143	Acetate Wyeth-Ayerst, Guanabenz	T766841
Antihypertensive Agents	D000959	Guanabenz	D006143	Acetate, Guanabenz	T018639
Antihypertensive Agents	D000959	Acebutolol	D000070	Acetobutolol	T000177
Antihypertensive Agents	D000959	Ticrynafen	D013989	Acid, Thienylic	T041023
Antihypertensive Agents	D000959	Ticrynafen	D013989	Acid, Tienilic	T041025
Antihypertensive Agents	D000959	Ramipril	D017257	Acovil	T616810
Antihypertensive Agents	D000959	Nicorandil	D020108	Adancor	T579196
Antihypertensive Agents	D000959	Nimodipine	D009553	Admon	T579826
Antihypertensive Agents	D000959	Adrenomedullin	D053607	Adrenomedullin	T246206
Antihypertensive Agents	D000959	Adrenomedullin	D053607	Adrenomedullin (1-52)	T334596
Antihypertensive Agents	D000959	Felodipine	D015736	Agon	T625010
Antihypertensive Agents	D000959	Labetalol	D007741	Albetol	T023199
Antihypertensive Agents	D000959	Betaxolol	D015784	Alcon, Betaxolol	T571001
Antihypertensive Agents	D000959	Diltiazem	D004110	Aldizem	T012470
Antihypertensive Agents	D000959	Methyldopa	D008750	Aldomet	T026076
Antihypertensive Agents	D000959	Doxazosin	D017292	Alfamedin	T615158
Antihypertensive Agents	D000959	Alprenolol	D000526	Alfeprol	T001585
Antihypertensive Agents	D000959	Veratrum Alkaloids	D014704	Alkaloids, Veratrum	T043003
Antihypertensive Agents	D000959	Nebivolol	D000068577	Alpha,Alpha'-(Iminobis(Methylene))bis(6-Fluoro-3,4-dihydro)-2H-1-benzopyran-2-methanol	T000876920
Antihypertensive Agents	D000959	Brimonidine Tartrate	D000068438	Alphagan	T463996
Antihypertensive Agents	D000959	Brimonidine Tartrate	D000068438	Alphagan P	T000875820
Antihypertensive Agents	D000959	Methyldopa	D008750	Alphamethyldopa	T026069
Antihypertensive Agents	D000959	Alprenolol	D000526	Alpheprol	T001584
Antihypertensive Agents	D000959	Alprenolol	D000526	Alprenolol	T001586
Antihypertensive Agents	D000959	Alprenolol	D000526	Alprenolol Hydrochloride	T001589
Antihypertensive Agents	D000959	Ramipril	D017257	Altace	T616811
Antihypertensive Agents	D000959	Amlodipine	D017311	Amlodipine	T051702
Antihypertensive Agents	D000959	Amlodipine, Valsartan Drug Combination	D000068838	Amlodipine - Valsartan	T000877424
Antihypertensive Agents	D000959	Amlodipine	D017311	Amlodipine Besylate	T429247
Antihypertensive Agents	D000959	Amlodipine Besylate, Olmesartan Medoxomil Drug Combination	D000068558	Amlodipine Besylate Olmesartan Medoxomil	T000876726
Antihypertensive Agents	D000959	Amlodipine Besylate, Olmesartan Medoxomil Drug Combination	D000068558	Amlodipine Besylate Olmesartan Medoxomil Drug Combination	T000876725
Antihypertensive Agents	D000959	Amlodipine Besylate, Olmesartan Medoxomil Drug Combination	D000068558	Amlodipine Besylate, Olmesartan Medoxomil	T000876271
Antihypertensive Agents	D000959	Amlodipine Besylate, Olmesartan Medoxomil Drug Combination	D000068558	Amlodipine Besylate, Olmesartan Medoxomil Drug Combination	T000876270
Antihypertensive Agents	D000959	Amlodipine Besylate, Olmesartan Medoxomil Drug Combination	D000068558	Amlodipine Besylate-Olmesartan Medoxomil	T000876726
Antihypertensive Agents	D000959	Amlodipine Besylate, Olmesartan Medoxomil Drug Combination	D000068558	Amlodipine Besylate-Olmesartan Medoxomil Drug Combination	T000876725
Antihypertensive Agents	D000959	Amlodipine	D017311	Amlodipine Maleate	T051703
Antihypertensive Agents	D000959	Amlodipine	D017311	Amlodipine Maleate (1:1)	T359490
Antihypertensive Agents	D000959	Amlodipine, Valsartan Drug Combination	D000068838	Amlodipine Valsartan	T000877423
Antihypertensive Agents	D000959	Amlodipine, Valsartan Drug Combination	D000068838	Amlodipine Valsartan Drug Combination	T000877420
Antihypertensive Agents	D000959	Amlodipine	D017311	Amlodipine, (+-)-Isomer	T359486
Antihypertensive Agents	D000959	Amlodipine	D017311	Amlodipine, (+-)-Isomer, Maleate (1:1)	T359488
Antihypertensive Agents	D000959	Amlodipine	D017311	Amlodipine, (R)-Isomer	T359487
Antihypertensive Agents	D000959	Amlodipine	D017311	Amlodipine, (S)-Isomer, Maleate (1:1)	T359489
Antihypertensive Agents	D000959	Amlodipine, Valsartan Drug Combination	D000068838	Amlodipine, Valsartan Drug Combination	T000877422
Antihypertensive Agents	D000959	Amlodipine, Valsartan Drug Combination	D000068838	Amlodipine-Valsartan	T000877423
Antihypertensive Agents	D000959	Amlodipine, Valsartan Drug Combination	D000068838	Amlodipine-Valsartan Drug Combination	T000877420
Antihypertensive Agents	D000959	Amlodipine	D017311	Amlodis	T714461
Antihypertensive Agents	D000959	Amlodipine	D017311	Amlor	T508073
Antihypertensive Agents	D000959	Propranolol	D011433	Anaprilin	T033744
Antihypertensive Agents	D000959	Propranolol	D011433	Anapriline	T033740
Antihypertensive Agents	D000959	1-Sarcosine-8-Isoleucine Angiotensin II	D015059	Angiotensin II, 1-Sar-8-Ile	T043930
Antihypertensive Agents	D000959	1-Sarcosine-8-Isoleucine Angiotensin II	D015059	Angiotensin II, 1-Sarcosine-8-Isoleucine	T043929
Antihypertensive Agents	D000959	Enalaprilat	D015773	Anhydrous Enalaprilat Citrate	T359651
Antihypertensive Agents	D000959	Cilazapril	D017315	Anhydrous, Cilazapril	T845794
Antihypertensive Agents	D000959	Enalaprilat	D015773	Anhydrous, Enalaprilat	T359649
Antihypertensive Agents	D000959	Pinacidil	D020110	Anhydrous, Pinacidil	T359264
Antihypertensive Agents	D000959	Nicardipine	D009529	Antagonil	T579061
Antihypertensive Agents	D000959	Todralazine	D014032	Apirachol	T041155
Antihypertensive Agents	D000959	Acebutolol	D000070	Apo Acebutolol	T504749
Antihypertensive Agents	D000959	Doxazosin	D017292	Apo Doxazosin	T615159
Antihypertensive Agents	D000959	Labetalol	D007741	Apo Labetalol	T579736
Antihypertensive Agents	D000959	Methyldopa	D008750	Apo Methyldopa	T614176
Antihypertensive Agents	D000959	Acebutolol	D000070	Apo-Acebutolol	T504749
Antihypertensive Agents	D000959	Doxazosin	D017292	Apo-Doxazosin	T615159
Antihypertensive Agents	D000959	Labetalol	D007741	Apo-Labetalol	T579736
Antihypertensive Agents	D000959	Methyldopa	D008750	Apo-Methyldopa	T614176
Antihypertensive Agents	D000959	Acebutolol	D000070	ApoAcebutolol	T504749
Antihypertensive Agents	D000959	Labetalol	D007741	ApoLabetalol	T579736
Antihypertensive Agents	D000959	Hydralazine	D006830	Apresoline	T020624
Antihypertensive Agents	D000959	Hydralazine	D006830	Apressin	T020617
Antihypertensive Agents	D000959	Hydralazine	D006830	Apressoline	T020623
Antihypertensive Agents	D000959	Bendroflumethiazide	D001539	Aprinox	T569448
Antihypertensive Agents	D000959	Alprenolol	D000526	Aptin	T505845
Antihypertensive Agents	D000959	Alprenolol	D000526	Aptin Duriles	T505847
Antihypertensive Agents	D000959	Alprenolol	D000526	Aptin-Duriles	T505847
Antihypertensive Agents	D000959	Alprenolol	D000526	AptinDuriles	T505847
Antihypertensive Agents	D000959	Alprenolol	D000526	Aptina	T505848
Antihypertensive Agents	D000959	Alprenolol	D000526	Aptine	T505843
Antihypertensive Agents	D000959	Trichlormethiazide	D014237	Aquazide	T669845
Antihypertensive Agents	D000959	Amlodipine	D017311	Astudal	T508075
Antihypertensive Agents	D000959	Atenolol	D001262	Atenolol	T003763
Antihypertensive Agents	D000959	Propranolol	D011433	Avlocardyl	T033735
Antihypertensive Agents	D000959	Amlodipine Besylate, Olmesartan Medoxomil Drug Combination	D000068558	Azor	T000876268
Antihypertensive Agents	D000959	Teprotide	D013722	BPP-9a	T040301
Antihypertensive Agents	D000959	Guanabenz	D006143	BR 750	T018636
Antihypertensive Agents	D000959	Guanabenz	D006143	BR-750	T018636
Antihypertensive Agents	D000959	Guanabenz	D006143	BR750	T018636
Antihypertensive Agents	D000959	Cromakalim	D019806	BRL 38226	T058928
Antihypertensive Agents	D000959	Cromakalim	D019806	BRL 38227	T058929
Antihypertensive Agents	D000959	Cromakalim	D019806	BRL-34915	T058927
Antihypertensive Agents	D000959	Cromakalim	D019806	BRL-38226	T058928
Antihypertensive Agents	D000959	Cromakalim	D019806	BRL-38227	T058929
Antihypertensive Agents	D000959	Cromakalim	D019806	BRL38226	T058928
Antihypertensive Agents	D000959	Cromakalim	D019806	BRL38227	T058929
Antihypertensive Agents	D000959	Guanfacine	D016316	BS 100 141	T048670
Antihypertensive Agents	D000959	Guanfacine	D016316	BS-100-141	T048670
Antihypertensive Agents	D000959	Guanfacine	D016316	BS100141	T048670
Antihypertensive Agents	D000959	Nitrendipine	D009568	Balminil	T580006
Antihypertensive Agents	D000959	Bethanidine	D001627	Batel	T570996
Antihypertensive Agents	D000959	Muzolimine	D009156	Bay G 2821	T027349
Antihypertensive Agents	D000959	Nisoldipine	D015737	Bay K 5552	T046670
Antihypertensive Agents	D000959	Nitrendipine	D009568	Bay e 5009	T028505
Antihypertensive Agents	D000959	Nimodipine	D009553	Bay e 9736	T028476
Antihypertensive Agents	D000959	Nitrendipine	D009568	Bayotensin	T580009
Antihypertensive Agents	D000959	Nitrendipine	D009568	Baypresol	T580011
Antihypertensive Agents	D000959	Nitrendipine	D009568	Baypress	T580008
Antihypertensive Agents	D000959	Nimodipine	D009553	Bayvit, Nimodipino	T579838
Antihypertensive Agents	D000959	Bepridil	D015764	Bedapin	T570536
Antihypertensive Agents	D000959	Metoprolol	D008790	Beloc Duriles	T026226
Antihypertensive Agents	D000959	Metoprolol	D008790	Beloc-Duriles	T026226
Antihypertensive Agents	D000959	Metoprolol	D008790	BelocDuriles	T026226
Antihypertensive Agents	D000959	Bendroflumethiazide	D001539	Bendrofluazide	T004462
Antihypertensive Agents	D000959	Bendroflumethiazide	D001539	Bendroflumethiazide	T004463
Antihypertensive Agents	D000959	Olmesartan Medoxomil	D000068557	Benicar	T493220
Antihypertensive Agents	D000959	Piperoxan	D010883	Benodain	T032084
Antihypertensive Agents	D000959	Piperoxan	D010883	Benodaine	T032081
Antihypertensive Agents	D000959	Tolazoline	D014043	Benzalolin	T041180
Antihypertensive Agents	D000959	3,4-Dichloro-N-methyl-N-(2-(1-pyrrolidinyl)-cyclohexyl)-benzeneacetamide, (trans)-Isomer	D019900	Benzeneacetamide, 3,4-dichloro-N-methyl-N-(2-(1-pyrrolidinyl)cyclohexyl)-, (trans)-Isomer	T424635
Antihypertensive Agents	D000959	Bendroflumethiazide	D001539	Benzide	T569450
Antihypertensive Agents	D000959	Bendroflumethiazide	D001539	Benzide M	T569452
Antihypertensive Agents	D000959	Bendroflumethiazide	D001539	Benzide-M	T569452
Antihypertensive Agents	D000959	Bepridil	D015764	Bepadin	T046752
Antihypertensive Agents	D000959	Bepridil	D015764	Bepridil	T046751
Antihypertensive Agents	D000959	Bepridil	D015764	Bepridil Monohydrochloride	T359643
Antihypertensive Agents	D000959	Bepridil	D015764	Bepridil Monohydrochloride, Monohydrate	T359644
Antihypertensive Agents	D000959	Bepridil	D015764	Bepridil Monohydrochloride, alpha Isomer	T359642
Antihypertensive Agents	D000959	Bepridil	D015764	Bepridil Monohydrochloride, alpha-Isomer	T359642
Antihypertensive Agents	D000959	Bepridil	D015764	Bepridil, (+)-Isomer	T359639
Antihypertensive Agents	D000959	Bepridil	D015764	Bepridil, (+-)-Isomer	T359645
Antihypertensive Agents	D000959	Bepridil	D015764	Bepridil, (-)-Isomer	T359640
Antihypertensive Agents	D000959	Bepridil	D015764	Bepridil, alpha Isomer	T359641
Antihypertensive Agents	D000959	Bepridil	D015764	Bepridil, alpha-Isomer	T359641
Antihypertensive Agents	D000959	Bendroflumethiazide	D001539	Berkozide	T569453
Antihypertensive Agents	D000959	Amlodipine Besylate, Olmesartan Medoxomil Drug Combination	D000068558	Besylate-Olmesartan Medoxomil, Amlodipine	T000876726
Antihypertensive Agents	D000959	Propranolol	D011433	Betadren	T033741
Antihypertensive Agents	D000959	Bupranolol	D002046	Betadrenol	T005805
Antihypertensive Agents	D000959	Metoprolol	D008790	Betaloc	T026237
Antihypertensive Agents	D000959	Metoprolol	D008790	Betaloc Astra	T026236
Antihypertensive Agents	D000959	Metoprolol	D008790	Betaloc-Astra	T026236
Antihypertensive Agents	D000959	Metoprolol	D008790	BetalocAstra	T026236
Antihypertensive Agents	D000959	Metoprolol	D008790	Betalok	T026227
Antihypertensive Agents	D000959	Bethanidine	D001627	Betanidine	T004716
Antihypertensive Agents	D000959	Penbutolol	D010394	Betapressin	T030664
Antihypertensive Agents	D000959	Betaxolol	D015784	Betaxolol	T046807
Antihypertensive Agents	D000959	Betaxolol	D015784	Betaxolol Alcon	T571001
Antihypertensive Agents	D000959	Betaxolol	D015784	Betaxolol Hydrochloride	T046809
Antihypertensive Agents	D000959	Bethanidine	D001627	Bethanidine	T004715
Antihypertensive Agents	D000959	Bethanidine	D001627	Bethanidine Sulfate	T004717
Antihypertensive Agents	D000959	Bethanidine	D001627	Bethanidine, Sulfate (2:1)	T361044
Antihypertensive Agents	D000959	Betaxolol	D015784	Betoptic	T046811
Antihypertensive Agents	D000959	Betaxolol	D015784	Betoptima	T571002
Antihypertensive Agents	D000959	Bimatoprost	D000069580	Bimatoprost	T000880692
Antihypertensive Agents	D000959	Todralazine	D014032	Binazin	T041157
Antihypertensive Agents	D000959	Todralazine	D014032	Binazine	T041156
Antihypertensive Agents	D000959	Bisoprolol	D017298	Bisoprolol	T051625
Antihypertensive Agents	D000959	Bisoprolol	D017298	Bisoprolol Fumarate	T051629
Antihypertensive Agents	D000959	Bisoprolol	D017298	Bisoprolol Fumarate (1:1) Salt, (+-)-Isomer	T359460
Antihypertensive Agents	D000959	Bisoprolol	D017298	Bisoprolol Fumarate (2:1) Salt, (+-)-Isomer	T359461
Antihypertensive Agents	D000959	Bisoprolol	D017298	Bisoprolol Hydrochloride	T359466
Antihypertensive Agents	D000959	Bisoprolol	D017298	Bisoprolol Methanesulfonate Salt	T359467
Antihypertensive Agents	D000959	Bisoprolol	D017298	Bisoprolol, (+-)-Isomer	T359459
Antihypertensive Agents	D000959	Bisoprolol	D017298	Bisoprolol, (-)-Isomer	T359468
Antihypertensive Agents	D000959	Bisoprolol	D017298	Bisoprolol, Fumarate (1:1) Salt	T359462
Antihypertensive Agents	D000959	Bisoprolol	D017298	Bisoprolol, Fumarate (2:1) Salt	T359464
Antihypertensive Agents	D000959	Hexamethonium	D018738	Bitartrate, Hexamethonium	T359359
Antihypertensive Agents	D000959	Timolol	D013999	Blocadren	T041055
Antihypertensive Agents	D000959	Teprotide	D013722	Bradykinin Potentiating Peptide 9a	T040302
Antihypertensive Agents	D000959	Kallidin	D007609	Bradykinin, Lysine	T022841
Antihypertensive Agents	D000959	Kallidin	D007609	Bradykinin, Lysyl	T022840
Antihypertensive Agents	D000959	Teprotide	D013722	Bradykinin-Potentiating Peptide 9a	T040302
Antihypertensive Agents	D000959	Nimodipine	D009553	Brainal	T579828
Antihypertensive Agents	D000959	Bretylium Tosylate	D001950	Bretylate	T579162
Antihypertensive Agents	D000959	Bretylium Tosylate	D001950	Bretylium Tosilate	T005560
Antihypertensive Agents	D000959	Bretylium Tosylate	D001950	Bretylium Tosylate	T005557
Antihypertensive Agents	D000959	Bretylium Tosylate	D001950	Bretylol	T005558
Antihypertensive Agents	D000959	Brimonidine Tartrate	D000068438	Brimonidine	T000875818
Antihypertensive Agents	D000959	Brimonidine Tartrate	D000068438	Brimonidine Purite	T000875823
Antihypertensive Agents	D000959	Brimonidine Tartrate	D000068438	Brimonidine Tartrate	T000875824
Antihypertensive Agents	D000959	Brimonidine Tartrate	D000068438	Brimonidine Tartrate (1:1)	T000875825
Antihypertensive Agents	D000959	Brimonidine Tartrate	D000068438	Brimonidine Tartrate (1:1), (S-(R*,R*))-Isomer	T000875826
Antihypertensive Agents	D000959	Brimonidine Tartrate	D000068438	Brimonidine Tartrate, (R-(R*,R*))-Isomer	T000875827
Antihypertensive Agents	D000959	Hexamethonium	D018738	Bromide, Hexamethonium	T055806
Antihypertensive Agents	D000959	Brimonidine Tartrate	D000068438	Bromoxidine	T000875819
Antihypertensive Agents	D000959	Bupranolol	D002046	Bupranolol	T005804
Antihypertensive Agents	D000959	Nebivolol	D000068577	Bystolic	T000876335
Antihypertensive Agents	D000959	Bepridil	D015764	CERM 1978	T046754
Antihypertensive Agents	D000959	Bepridil	D015764	CERM-1978	T046754
Antihypertensive Agents	D000959	Bepridil	D015764	CERM1978	T046754
Antihypertensive Agents	D000959	Metoprolol	D008790	CGP 2175	T026231
Antihypertensive Agents	D000959	Valsartan	D000068756	CGP 48933	T247348
Antihypertensive Agents	D000959	Metoprolol	D008790	CGP-2175	T026231
Antihypertensive Agents	D000959	Metoprolol	D008790	CGP2175	T026231
Antihypertensive Agents	D000959	Bisoprolol	D017298	CL 297939	T051627
Antihypertensive Agents	D000959	Bisoprolol	D017298	CL-297939	T051627
Antihypertensive Agents	D000959	Bisoprolol	D017298	CL297939	T051627
Antihypertensive Agents	D000959	Metoprolol	D008790	CR-XL, Metoprolol	T000880322
Antihypertensive Agents	D000959	Diltiazem	D004110	CRD 401	T012466
Antihypertensive Agents	D000959	Diltiazem	D004110	CRD-401	T012466
Antihypertensive Agents	D000959	Diltiazem	D004110	CRD401	T012466
Antihypertensive Agents	D000959	Olmesartan Medoxomil	D000068557	CS 866	T287348
Antihypertensive Agents	D000959	Olmesartan Medoxomil	D000068557	CS-866	T287347
Antihypertensive Agents	D000959	Nimodipine	D009553	Calnit	T579830
Antihypertensive Agents	D000959	Captopril	D002216	Capoten	T006339
Antihypertensive Agents	D000959	Captopril	D002216	Captopril	T006332
Antihypertensive Agents	D000959	Ramipril	D017257	Carasel	T616822
Antihypertensive Agents	D000959	Nicardipine	D009529	Cardene	T579059
Antihypertensive Agents	D000959	Nicardipine	D009529	Cardene I.V.	T579067
Antihypertensive Agents	D000959	Nicardipine	D009529	Cardene SR	T579064
Antihypertensive Agents	D000959	Diltiazem	D004110	Cardil	T012467
Antihypertensive Agents	D000959	Diltiazem	D004110	Cardizem	T012465
Antihypertensive Agents	D000959	Doxazosin	D017292	Cardular	T615160
Antihypertensive Agents	D000959	Doxazosin	D017292	Cardura	T051613
Antihypertensive Agents	D000959	Doxazosin	D017292	Carduran	T051614
Antihypertensive Agents	D000959	Doxazosin	D017292	Carduran Neo	T615182
Antihypertensive Agents	D000959	Carteolol	D002354	Carteolol	T006792
Antihypertensive Agents	D000959	Carteolol	D002354	Carteolol Hydrochloride	T006794
Antihypertensive Agents	D000959	Carteolol	D002354	Carteolol Monohydrochloride	T361123
Antihypertensive Agents	D000959	Clonidine	D003000	Catapres	T008715
Antihypertensive Agents	D000959	Clonidine	D003000	Catapresan	T008717
Antihypertensive Agents	D000959	Clonidine	D003000	Catapressan	T008716
Antihypertensive Agents	D000959	Celiprolol	D017272	Celiprolol	T051531
Antihypertensive Agents	D000959	Celiprolol	D017272	Celiprolol Hydrochloride	T051535
Antihypertensive Agents	D000959	Celiprolol	D017272	Celiprolol Monohydrochloride	T359562
Antihypertensive Agents	D000959	Celiprolol	D017272	Celiprolol, (+,-)-Isomer	T359563
Antihypertensive Agents	D000959	Celiprolol	D017272	Celiprolol, (R)-Isomer	T359564
Antihypertensive Agents	D000959	Celiprolol	D017272	Celiprolol, (S)-Isomer	T359565
Antihypertensive Agents	D000959	Celiprolol	D017272	Celiprolol, Monohydrochloride, (R)-Isomer	T359561
Antihypertensive Agents	D000959	Celiprolol	D017272	Celiprolol, Monohydrochloride, (S)-Isomer	T359560
Antihypertensive Agents	D000959	Bendroflumethiazide	D001539	Centyl	T569455
Antihypertensive Agents	D000959	Vincamine	D014749	Cerebroxine	T043093
Antihypertensive Agents	D000959	Clonidine	D003000	Chlophazolin	T008714
Antihypertensive Agents	D000959	Chlorisondamine	D002714	Chloride, Chlorisondamine	T007869
Antihypertensive Agents	D000959	Hexamethonium	D018738	Chloride, Hexamethonium	T055808
Antihypertensive Agents	D000959	Chlorisondamine	D002714	Chlorisondamine	T007867
Antihypertensive Agents	D000959	Chlorisondamine	D002714	Chlorisondamine Chloride	T007869
Antihypertensive Agents	D000959	Chlorisondamine	D002714	Chlorisondamine Dichloride	T360822
Antihypertensive Agents	D000959	Chlorothiazide	D002740	Chlorothiazide	T007943
Antihypertensive Agents	D000959	Chlorthalidone	D002752	Chlorphthalidolone	T007993
Antihypertensive Agents	D000959	Chlorthalidone	D002752	Chlortalidone	T007998
Antihypertensive Agents	D000959	Chlorthalidone	D002752	Chlorthalidone	T007994
Antihypertensive Agents	D000959	Cilazapril	D017315	Cilazapril	T051721
Antihypertensive Agents	D000959	Cilazapril	D017315	Cilazapril Anhydrous	T845794
Antihypertensive Agents	D000959	Cilazapril	D017315	Cilazapril Hydrate	T359495
Antihypertensive Agents	D000959	Cilazapril	D017315	Cilazapril Monohydrate	T845793
Antihypertensive Agents	D000959	Cilazapril	D017315	Cilazapril Monohydrobromide	T359496
Antihypertensive Agents	D000959	Cilazapril	D017315	Cilazapril, (S*)-Isomer	T359494
Antihypertensive Agents	D000959	Cilazapril	D017315	Cilazapril, Anhydrous	T359497
Antihypertensive Agents	D000959	Clonidine	D003000	Clofelin	T008708
Antihypertensive Agents	D000959	Clonidine	D003000	Clofenil	T008701
Antihypertensive Agents	D000959	Clonidine	D003000	Clonidine	T008702
Antihypertensive Agents	D000959	Clonidine	D003000	Clonidine Dihydrochloride	T360763
Antihypertensive Agents	D000959	Clonidine	D003000	Clonidine Hydrochloride	T008706
Antihypertensive Agents	D000959	Clonidine	D003000	Clonidine Monohydrobromide	T360761
Antihypertensive Agents	D000959	Clonidine	D003000	Clonidine Monohydrochloride	T360762
Antihypertensive Agents	D000959	Clonidine	D003000	Clopheline	T008709
Antihypertensive Agents	D000959	Amlodipine, Valsartan Drug Combination	D000068838	Combination, Amlodipine-Valsartan Drug	T000877420
Antihypertensive Agents	D000959	Hexamethonium Compounds	D006584	Compounds, Hexamethonium	T019822
Antihypertensive Agents	D000959	Bisoprolol	D017298	Concor	T051628
Antihypertensive Agents	D000959	Bepridil	D015764	Cordium	T046755
Antihypertensive Agents	D000959	Oxprenolol	D010096	Coretal	T029853
Antihypertensive Agents	D000959	Nadolol	D009248	Corgard	T027589
Antihypertensive Agents	D000959	Fenoldopam	D018818	Corlopam	T056095
Antihypertensive Agents	D000959	Losartan	D019808	Cozaar	T562376
Antihypertensive Agents	D000959	Cromakalim	D019806	Cromakalim	T058926
Antihypertensive Agents	D000959	Cromakalim	D019806	Cromakalim, (3R-cis)-Isomer	T359322
Antihypertensive Agents	D000959	Cromakalim	D019806	Cromakalim, (3R-trans)-Isomer	T359327
Antihypertensive Agents	D000959	Cromakalim	D019806	Cromakalim, (3S-cis)-Isomer	T359323
Antihypertensive Agents	D000959	Cromakalim	D019806	Cromakalim, (3S-trans)-Isomer	T359326
Antihypertensive Agents	D000959	Cromakalim	D019806	Cromakalim, (trans)-Isomer	T359325
Antihypertensive Agents	D000959	Protoveratrines	D011526	Cryptenamine	T034055
Antihypertensive Agents	D000959	Doxazosin	D017292	Ct, Doxazosin Von	T000912678
Antihypertensive Agents	D000959	Nitroprusside	D009599	Cyanonitrosylferrate	T028582
Antihypertensive Agents	D000959	Cyclopenthiazide	D003518	Cyclomethiazide	T010192
Antihypertensive Agents	D000959	Cyclopenthiazide	D003518	Cyclopenthiazide	T010193
Antihypertensive Agents	D000959	Nicardipine	D009529	Dagan	T579083
Antihypertensive Agents	D000959	Nicorandil	D020108	Dancor	T579198
Antihypertensive Agents	D000959	Debrisoquin	D003647	Debrisoquin	T010633
Antihypertensive Agents	D000959	Debrisoquin	D003647	Debrisoquine	T010634
Antihypertensive Agents	D000959	Ramipril	D017257	Delix	T616812
Antihypertensive Agents	D000959	Dihydralazine	D004078	Depressan	T012364
Antihypertensive Agents	D000959	Hexamethonium	D018738	Depressin	T055807
Antihypertensive Agents	D000959	Vincamine	D014749	Devincan	T043094
Antihypertensive Agents	D000959	Propranolol	D011433	Dexpropranolol	T033734
Antihypertensive Agents	D000959	Diazoxide	D003981	Diazoxide	T012084
Antihypertensive Agents	D000959	Phenoxybenzamine	D010643	Dibenylene	T031447
Antihypertensive Agents	D000959	Phenoxybenzamine	D010643	Dibenyline	T031446
Antihypertensive Agents	D000959	Phenoxybenzamine	D010643	Dibenziran	T031443
Antihypertensive Agents	D000959	Phenoxybenzamine	D010643	Dibenzylin	T031444
Antihypertensive Agents	D000959	Phenoxybenzamine	D010643	Dibenzyline	T031442
Antihypertensive Agents	D000959	Phenoxybenzamine	D010643	Dibenzyran	T031441
Antihypertensive Agents	D000959	Doxazosin	D017292	Diblocin	T615161
Antihypertensive Agents	D000959	Hexamethonium	D018738	Dibromide Dihydrate, Hexamethonium	T359360
Antihypertensive Agents	D000959	Hexamethonium	D018738	Dibromide, Hexamethonium	T359361
Antihypertensive Agents	D000959	Hexamethonium	D018738	Dichloride Dihydrate, Hexamethonium	T359358
Antihypertensive Agents	D000959	Chlorisondamine	D002714	Dichloride, Chlorisondamine	T360822
Antihypertensive Agents	D000959	Hydrochlorothiazide	D006852	Dichlothiazide	T020662
Antihypertensive Agents	D000959	Dihydralazine	D004078	Dihydralazine	T012365
Antihypertensive Agents	D000959	Dihydralazine	D004078	Dihydralazine Sulfate	T641431
Antihypertensive Agents	D000959	Dihydralazine	D004078	Dihydrallazine	T012367
Antihypertensive Agents	D000959	Enalaprilat	D015773	Dihydrate, Enalaprilat	T839564
Antihypertensive Agents	D000959	Hexamethonium	D018738	Dihydrate, Hexamethonium Dibromide	T359360
Antihypertensive Agents	D000959	Hexamethonium	D018738	Dihydrate, Hexamethonium Dichloride	T359358
Antihypertensive Agents	D000959	Dihydralazine	D004078	Dihydrazinophthalazin	T012366
Antihypertensive Agents	D000959	Dihydroalprenolol	D004082	Dihydroalprenolol	T012376
Antihypertensive Agents	D000959	Clonidine	D003000	Dihydrochloride, Clonidine	T360763
Antihypertensive Agents	D000959	Hydrochlorothiazide	D006852	Dihydrochlorothiazide	T020663
Antihypertensive Agents	D000959	Hexamethonium	D018738	Dihydroxide, Hexamethonium	T359362
Antihypertensive Agents	D000959	Hexamethonium	D018738	Diiodide, Hexamethonium	T359367
Antihypertensive Agents	D000959	Diltiazem	D004110	Dilacor	T734588
Antihypertensive Agents	D000959	Diltiazem	D004110	Dilacor XR	T012473
Antihypertensive Agents	D000959	Labetalol	D007741	Dilevalol	T023193
Antihypertensive Agents	D000959	Diltiazem	D004110	Dilren	T012468
Antihypertensive Agents	D000959	Diltiazem	D004110	Diltiazem	T012471
Antihypertensive Agents	D000959	Diltiazem	D004110	Diltiazem Hydrochloride	T012469
Antihypertensive Agents	D000959	Diltiazem	D004110	Diltiazem Malate	T012472
Antihypertensive Agents	D000959	Diltiazem	D004110	Dilzem	T012474
Antihypertensive Agents	D000959	Hexamethonium	D018738	Dimethylsulfate, Hexamethonium	T359363
Antihypertensive Agents	D000959	Valsartan	D000068756	Diovan	T247349
Antihypertensive Agents	D000959	Hexamethonium	D018738	Diperchlorate, Hexamethonium	T359365
Antihypertensive Agents	D000959	Nitroprusside	D009599	Disodium Salt Nitroprusside	T360161
Antihypertensive Agents	D000959	Metipranolol	D014290	Disorat	T041833
Antihypertensive Agents	D000959	Hydroflumethiazide	D006857	Diucardin	T020687
Antihypertensive Agents	D000959	Metolazone	D008788	Diulo	T026221
Antihypertensive Agents	D000959	Trichlormethiazide	D014237	Diurese	T669847
Antihypertensive Agents	D000959	Tolazoline	D014043	Divascol	T041182
Antihypertensive Agents	D000959	Clonidine	D003000	Dixarit	T008713
Antihypertensive Agents	D000959	Propranolol	D011433	Dociton	T033742
Antihypertensive Agents	D000959	Methyldopa	D008750	Dopamet	T614178
Antihypertensive Agents	D000959	Methyldopa	D008750	Dopegit	T026073
Antihypertensive Agents	D000959	Methyldopa	D008750	Dopegyt	T026074
Antihypertensive Agents	D000959	Methyldopa	D008750	Dopergit	T026070
Antihypertensive Agents	D000959	Doxazosin	D017292	Doxa Puren	T615162
Antihypertensive Agents	D000959	Doxazosin	D017292	Doxa-Puren	T615162
Antihypertensive Agents	D000959	Doxazosin	D017292	DoxaUro	T615167
Antihypertensive Agents	D000959	Doxazosin	D017292	Doxacor	T615163
Antihypertensive Agents	D000959	Doxazosin	D017292	Doxagamma	T615164
Antihypertensive Agents	D000959	Doxazosin	D017292	Doxamax	T615165
Antihypertensive Agents	D000959	Doxazosin	D017292	Doxatensa	T615166
Antihypertensive Agents	D000959	Doxazosin	D017292	Doxazomerck	T615168
Antihypertensive Agents	D000959	Doxazosin	D017292	Doxazosin	T051611
Antihypertensive Agents	D000959	Doxazosin	D017292	Doxazosin AL	T615169
Antihypertensive Agents	D000959	Doxazosin	D017292	Doxazosin AZU	T615171
Antihypertensive Agents	D000959	Doxazosin	D017292	Doxazosin Apogepha	T615170
Antihypertensive Agents	D000959	Doxazosin	D017292	Doxazosin Heumann	T615174
Antihypertensive Agents	D000959	Doxazosin	D017292	Doxazosin Klast	T615175
Antihypertensive Agents	D000959	Doxazosin	D017292	Doxazosin Mesylate	T051609
Antihypertensive Agents	D000959	Doxazosin	D017292	Doxazosin Monohydrochloride	T359451
Antihypertensive Agents	D000959	Doxazosin	D017292	Doxazosin Stada	T615176
Antihypertensive Agents	D000959	Doxazosin	D017292	Doxazosin Von Ct	T000912678
Antihypertensive Agents	D000959	Doxazosin	D017292	Doxazosin Wolff	T615179
Antihypertensive Agents	D000959	Doxazosin	D017292	Doxazosin beta	T615172
Antihypertensive Agents	D000959	Doxazosin	D017292	Doxazosin findusFit	T615173
Antihypertensive Agents	D000959	Doxazosin	D017292	Doxazosin ratiopharm	T615178
Antihypertensive Agents	D000959	Doxazosin	D017292	Doxazosin-Wolff	T615179
Antihypertensive Agents	D000959	Doxazosin	D017292	Doxazosin-ratiopharm	T615178
Antihypertensive Agents	D000959	Doxazosin	D017292	Doxazosina Alter	T615180
Antihypertensive Agents	D000959	Doxazosin	D017292	Doxazosina Cinfa	T615181
Antihypertensive Agents	D000959	Doxazosin	D017292	Doxazosina Combino Pharm	T615307
Antihypertensive Agents	D000959	Doxazosin	D017292	Doxazosina Geminis	T615308
Antihypertensive Agents	D000959	Doxazosin	D017292	Doxazosina Normon	T615309
Antihypertensive Agents	D000959	Doxazosin	D017292	Doxazosina Pharmagenus	T615310
Antihypertensive Agents	D000959	Doxazosin	D017292	Doxazosina Ratiopharm	T615311
Antihypertensive Agents	D000959	Doxazosin	D017292	Doxazosina Ur	T615312
Antihypertensive Agents	D000959	Amlodipine, Valsartan Drug Combination	D000068838	Drug Combination, Amlodipine-Valsartan	T000877420
Antihypertensive Agents	D000959	Losartan	D019808	DuP 753	T058936
Antihypertensive Agents	D000959	Losartan	D019808	DuP-753	T058936
Antihypertensive Agents	D000959	Losartan	D019808	DuP753	T058936
Antihypertensive Agents	D000959	Fosinopril	D017328	Dynacil	T635606
Antihypertensive Agents	D000959	Isradipine	D017275	Dynacirc	T051546
Antihypertensive Agents	D000959	Bisoprolol	D017298	EMD 33512	T051626
Antihypertensive Agents	D000959	Bisoprolol	D017298	EMD-33512	T051626
Antihypertensive Agents	D000959	Bisoprolol	D017298	EMD33512	T051626
Antihypertensive Agents	D000959	Todralazine	D014032	Ecarazine	T041158
Antihypertensive Agents	D000959	Chlorisondamine	D002714	Ecolid	T007868
Antihypertensive Agents	D000959	Enalapril	D004656	Enalapril	T014225
Antihypertensive Agents	D000959	Enalapril	D004656	Enalapril Maleate	T014226
Antihypertensive Agents	D000959	Enalaprilat	D015773	Enalaprilat	T046778
Antihypertensive Agents	D000959	Enalaprilat	D015773	Enalaprilat Anhydrous	T359649
Antihypertensive Agents	D000959	Enalaprilat	D015773	Enalaprilat Citrate, Anhydrous	T359651
Antihypertensive Agents	D000959	Enalaprilat	D015773	Enalaprilat Dihydrate	T839564
Antihypertensive Agents	D000959	Enalaprilat	D015773	Enalaprilat, (R)-Isomer, Anhydrous	T359648
Antihypertensive Agents	D000959	Enalaprilat	D015773	Enalaprilic Acid	T046779
Antihypertensive Agents	D000959	Teprotide	D013722	Enzyme Inhibitor, Nonapeptide-Converting	T040303
Antihypertensive Agents	D000959	Epoprostenol	D011464	Epoprostanol	T033861
Antihypertensive Agents	D000959	Epoprostenol	D011464	Epoprostenol	T033856
Antihypertensive Agents	D000959	Epoprostenol	D011464	Epoprostenol Sodium	T033868
Antihypertensive Agents	D000959	Epoprostenol	D011464	Epoprostenol Sodium Salt, (5Z,9alpha,11alpha,13E,15S)-Isomer	T359978
Antihypertensive Agents	D000959	Perindopril	D020913	Erbumine, Perindopril	T159813
Antihypertensive Agents	D000959	Bendroflumethiazide	D001539	Esberizid	T569459
Antihypertensive Agents	D000959	Hydrochlorothiazide	D006852	Esidrex	T020671
Antihypertensive Agents	D000959	Hydrochlorothiazide	D006852	Esidrix	T020664
Antihypertensive Agents	D000959	Guanfacine	D016316	Estulic	T048671
Antihypertensive Agents	D000959	Amlodipine, Valsartan Drug Combination	D000068838	Exforge	T721684
Antihypertensive Agents	D000959	Felodipine	D015736	Felo Biochemie	T625012
Antihypertensive Agents	D000959	Felodipine	D015736	Felo Puren	T625014
Antihypertensive Agents	D000959	Felodipine	D015736	Felo-Puren	T625014
Antihypertensive Agents	D000959	Felodipine	D015736	Felobeta	T625016
Antihypertensive Agents	D000959	Felodipine	D015736	Felocor	T625018
Antihypertensive Agents	D000959	Felodipine	D015736	Felodipin 1A Pharma	T625031
Antihypertensive Agents	D000959	Felodipine	D015736	Felodipin AL	T625035
Antihypertensive Agents	D000959	Felodipine	D015736	Felodipin AZU	T625037
Antihypertensive Agents	D000959	Felodipine	D015736	Felodipin AbZ	T625033
Antihypertensive Agents	D000959	Felodipine	D015736	Felodipin Dura	T000912827
Antihypertensive Agents	D000959	Felodipine	D015736	Felodipin Heumann	T625082
Antihypertensive Agents	D000959	Felodipine	D015736	Felodipin Ratiopharm	T000912828
Antihypertensive Agents	D000959	Felodipine	D015736	Felodipin Stada	T625084
Antihypertensive Agents	D000959	Felodipine	D015736	Felodipin Von Ct	T000912826
Antihypertensive Agents	D000959	Felodipine	D015736	Felodipin-Ratiopharm	T000912828
Antihypertensive Agents	D000959	Felodipine	D015736	Felodipine	T046667
Antihypertensive Agents	D000959	Felodipine	D015736	Felodur	T625020
Antihypertensive Agents	D000959	Felodipine	D015736	Felogamma	T625022
Antihypertensive Agents	D000959	Fenoldopam	D018818	Fenoldopam	T056089
Antihypertensive Agents	D000959	Fenoldopam	D018818	Fenoldopam Hydrobromide	T359371
Antihypertensive Agents	D000959	Fenoldopam	D018818	Fenoldopam Mesylate	T056094
Antihypertensive Agents	D000959	Felodipine	D015736	Fensel	T625024
Antihypertensive Agents	D000959	Phentolamine	D010646	Fentolamin	T031462
Antihypertensive Agents	D000959	Felodipine	D015736	Flodil	T625009
Antihypertensive Agents	D000959	Epoprostenol	D011464	Flolan	T033869
Antihypertensive Agents	D000959	Nicardipine	D009529	Flusemide	T579085
Antihypertensive Agents	D000959	Piperoxan	D010883	Forneau 933	T032082
Antihypertensive Agents	D000959	Fosinopril	D017328	Fosenopril	T051790
Antihypertensive Agents	D000959	Fosinopril	D017328	Fosinil	T635603
Antihypertensive Agents	D000959	Fosinopril	D017328	Fosinopril	T051789
Antihypertensive Agents	D000959	Fosinopril	D017328	Fosinopril Sodium	T051792
Antihypertensive Agents	D000959	Fosinopril	D017328	Fosinopril, (1(S*(R*)),2 alpha,4 alpha)-(D-Pro)-Isomer	T359502
Antihypertensive Agents	D000959	Fosinopril	D017328	Fosinopril, (1(S*(R*)),2 alpha,4 beta)-Isomer	T359500
Antihypertensive Agents	D000959	Fosinopril	D017328	Fosinopril, (1(S*(S*)),2 alpha,4 beta)-Isomer	T359501
Antihypertensive Agents	D000959	Fosinopril	D017328	Fosinorm	T635600
Antihypertensive Agents	D000959	Fosinopril	D017328	Fositens	T635604
Antihypertensive Agents	D000959	Fosinopril	D017328	Fozitec	T635601
Antihypertensive Agents	D000959	Bisoprolol	D017298	Fumarate, Bisoprolol	T051629
Antihypertensive Agents	D000959	Prazosin	D011224	Furazosin	T033068
Antihypertensive Agents	D000959	Muzolimine	D009156	G 2821, Bay	T027349
Antihypertensive Agents	D000959	Clonidine	D003000	Gemiton	T008712
Antihypertensive Agents	D000959	Doxazosin	D017292	Gen Doxazosin	T615313
Antihypertensive Agents	D000959	Doxazosin	D017292	Gen-Doxazosin	T615313
Antihypertensive Agents	D000959	Nitrendipine	D009568	Gericin	T580013
Antihypertensive Agents	D000959	Guanabenz	D006143	Guanabenz	T018638
Antihypertensive Agents	D000959	Guanabenz	D006143	Guanabenz Acetate	T018639
Antihypertensive Agents	D000959	Guanabenz	D006143	Guanabenz Acetate Wyeth-Ayerst	T766841
Antihypertensive Agents	D000959	Guanabenz	D006143	Guanabenz Monoacetate	T360427
Antihypertensive Agents	D000959	Guanethidine	D006145	Guanethidine	T018643
Antihypertensive Agents	D000959	Guanethidine	D006145	Guanethidine Monosulfate	T018650
Antihypertensive Agents	D000959	Guanethidine	D006145	Guanethidine Sulfate	T018647
Antihypertensive Agents	D000959	Guanethidine	D006145	Guanethidine Sulfate (1:1)	T360430
Antihypertensive Agents	D000959	Guanethidine	D006145	Guanethidine Sulfate (1:2)	T360428
Antihypertensive Agents	D000959	Guanethidine	D006145	Guanethidine Sulfate (2:1)	T360429
Antihypertensive Agents	D000959	Guanethidine	D006145	Guanethidine Sulfate (2:1), 14C-Labeled	T360431
Antihypertensive Agents	D000959	Guanfacine	D016316	Guanfacine	T048669
Antihypertensive Agents	D000959	Guanfacine	D016316	Guanfacine Hydrochloride	T048674
Antihypertensive Agents	D000959	Guanfacine	D016316	Guanfacine Monohydrochloride	T359656
Antihypertensive Agents	D000959	Felodipine	D015736	H 154 82	T046668
Antihypertensive Agents	D000959	Felodipine	D015736	H 154-82	T046668
Antihypertensive Agents	D000959	Felodipine	D015736	H 15482	T046668
Antihypertensive Agents	D000959	Alprenolol	D000526	H 56 28	T001587
Antihypertensive Agents	D000959	Metoprolol	D008790	H 93 26	T026232
Antihypertensive Agents	D000959	Metoprolol	D008790	H 93-26	T026232
Antihypertensive Agents	D000959	Metoprolol	D008790	H 9326	T026232
Antihypertensive Agents	D000959	Alprenolol	D000526	H-56-28	T001587
Antihypertensive Agents	D000959	Alprenolol	D000526	H5628	T001587
Antihypertensive Agents	D000959	Prazosin	D011224	HCL, Prazosin	T766530
Antihypertensive Agents	D000959	Hydrochlorothiazide	D006852	HCTZ	T020665
Antihypertensive Agents	D000959	Ramipril	D017257	HOE 498	T051455
Antihypertensive Agents	D000959	Ramipril	D017257	HOE-498	T051455
Antihypertensive Agents	D000959	Ramipril	D017257	HOE498	T051455
Antihypertensive Agents	D000959	Timolol	D013999	Hemihydrate, Timolol	T493514
Antihypertensive Agents	D000959	Clonidine	D003000	Hemiton	T008711
Antihypertensive Agents	D000959	Felodipine	D015736	Heumann, Felodipin	T625082
Antihypertensive Agents	D000959	Nimodipine	D009553	Hexal, Nimodipin	T579834
Antihypertensive Agents	D000959	Hexamethonium	D018738	Hexamethonium	T055804
Antihypertensive Agents	D000959	Hexamethonium	D018738	Hexamethonium Bitartrate	T359359
Antihypertensive Agents	D000959	Hexamethonium	D018738	Hexamethonium Bromide	T055806
Antihypertensive Agents	D000959	Hexamethonium	D018738	Hexamethonium Chloride	T055808
Antihypertensive Agents	D000959	Hexamethonium Compounds	D006584	Hexamethonium Compounds	T019822
Antihypertensive Agents	D000959	Hexamethonium	D018738	Hexamethonium Dibromide	T359361
Antihypertensive Agents	D000959	Hexamethonium	D018738	Hexamethonium Dibromide Dihydrate	T359360
Antihypertensive Agents	D000959	Hexamethonium	D018738	Hexamethonium Dichloride Dihydrate	T359358
Antihypertensive Agents	D000959	Hexamethonium	D018738	Hexamethonium Dihydroxide	T359362
Antihypertensive Agents	D000959	Hexamethonium	D018738	Hexamethonium Diiodide	T359367
Antihypertensive Agents	D000959	Hexamethonium	D018738	Hexamethonium Dimethylsulfate	T359363
Antihypertensive Agents	D000959	Hexamethonium	D018738	Hexamethonium Diperchlorate	T359365
Antihypertensive Agents	D000959	Hexamethonium	D018738	Hexamethonium Iodide	T055809
Antihypertensive Agents	D000959	Hexamethonium	D018738	Hexamethonium Monotartrate	T359366
Antihypertensive Agents	D000959	Hexamethonium	D018738	Hexonium	T055805
Antihypertensive Agents	D000959	Fosinopril	D017328	Hiperlex	T635612
Antihypertensive Agents	D000959	Penbutolol	D010394	Hoe 893d	T030665
Antihypertensive Agents	D000959	Penbutolol	D010394	Hoe-893d	T030665
Antihypertensive Agents	D000959	Penbutolol	D010394	Hoe893d	T030665
Antihypertensive Agents	D000959	Methyldopa	D008750	Hydopa	T614180
Antihypertensive Agents	D000959	Hydralazine	D006830	Hydralazine	T020618
Antihypertensive Agents	D000959	Hydralazine	D006830	Hydralazine Hydrochloride	T020622
Antihypertensive Agents	D000959	Hydralazine	D006830	Hydralazine mono Hydrochloride	T360450
Antihypertensive Agents	D000959	Hydralazine	D006830	Hydralazine mono-Hydrochloride	T360450
Antihypertensive Agents	D000959	Hydralazine	D006830	Hydrallazin	T020620
Antihypertensive Agents	D000959	Cilazapril	D017315	Hydrate, Cilazapril	T359495
Antihypertensive Agents	D000959	Hydralazine	D006830	Hydrazinophthalazine	T020619
Antihypertensive Agents	D000959	Hydrochlorothiazide	D006852	HydroDIURIL	T020667
Antihypertensive Agents	D000959	Fenoldopam	D018818	Hydrobromide, Fenoldopam	T359371
Antihypertensive Agents	D000959	Betaxolol	D015784	Hydrochloride, Betaxolol	T046809
Antihypertensive Agents	D000959	Bisoprolol	D017298	Hydrochloride, Bisoprolol	T359466
Antihypertensive Agents	D000959	Carteolol	D002354	Hydrochloride, Carteolol	T006794
Antihypertensive Agents	D000959	Celiprolol	D017272	Hydrochloride, Celiprolol	T051535
Antihypertensive Agents	D000959	Clonidine	D003000	Hydrochloride, Clonidine	T008706
Antihypertensive Agents	D000959	Guanfacine	D016316	Hydrochloride, Guanfacine	T048674
Antihypertensive Agents	D000959	Hydralazine	D006830	Hydrochloride, Hydralazine	T020622
Antihypertensive Agents	D000959	Labetalol	D007741	Hydrochloride, Labetalol	T579735
Antihypertensive Agents	D000959	Nebivolol	D000068577	Hydrochloride, Nebivolol	T000876337
Antihypertensive Agents	D000959	Nicardipine	D009529	Hydrochloride, Nicardipine	T579066
Antihypertensive Agents	D000959	Oxprenolol	D010096	Hydrochloride, Oxprenolol	T029856
Antihypertensive Agents	D000959	Pargyline	D010293	Hydrochloride, Pargyline	T030405
Antihypertensive Agents	D000959	Phenoxybenzamine	D010643	Hydrochloride, Phenoxybenzamine	T031445
Antihypertensive Agents	D000959	Prazosin	D011224	Hydrochloride, Prazosin	T766529
Antihypertensive Agents	D000959	Propranolol	D011433	Hydrochloride, Propranolol	T033746
Antihypertensive Agents	D000959	Hydrochlorothiazide	D006852	Hydrochlorothiazide	T020666
Antihypertensive Agents	D000959	Hydroflumethiazide	D006857	Hydroflumethiazide	T020688
Antihypertensive Agents	D000959	Chlorthalidone	D002752	Hygroton	T007999
Antihypertensive Agents	D000959	Diazoxide	D003981	Hyperstat	T012085
Antihypertensive Agents	D000959	Hydrochlorothiazide	D006852	Hypothiazide	T020668
Antihypertensive Agents	D000959	Atenolol	D001262	ICI 66082	T003764
Antihypertensive Agents	D000959	Atenolol	D001262	ICI-66082	T003764
Antihypertensive Agents	D000959	Atenolol	D001262	ICI66082	T003764
Antihypertensive Agents	D000959	Nicorandil	D020108	Ikorel	T579200
Antihypertensive Agents	D000959	Indapamide	D007190	Indapamide	T021550
Antihypertensive Agents	D000959	Propranolol	D011433	Inderal	T033747
Antihypertensive Agents	D000959	Indoramin	D007217	Indoramin	T021641
Antihypertensive Agents	D000959	Cilazapril	D017315	Inhibace	T051724
Antihypertensive Agents	D000959	Hexamethonium	D018738	Iodide, Hexamethonium	T055809
Antihypertensive Agents	D000959	Guanethidine	D006145	Ismelin	T018649
Antihypertensive Agents	D000959	Guanethidine	D006145	Isobarin	T018648
Antihypertensive Agents	D000959	Clonidine	D003000	Isoglaucon	T008710
Antihypertensive Agents	D000959	Isradipine	D017275	Isradipine	T051545
Antihypertensive Agents	D000959	Isradipine	D017275	Isradipine, (+-)-Isomer	T359570
Antihypertensive Agents	D000959	Isradipine	D017275	Isradipine, (R)-Isomer	T359568
Antihypertensive Agents	D000959	Isradipine	D017275	Isradipine, (S)-Isomer	T359569
Antihypertensive Agents	D000959	Amlodipine	D017311	Istin	T508074
Antihypertensive Agents	D000959	Doxazosin	D017292	Jutalar	T615314
Antihypertensive Agents	D000959	Nitrendipine	D009568	Jutapress	T580015
Antihypertensive Agents	D000959	Bupranolol	D002046	KL 255	T005806
Antihypertensive Agents	D000959	Bupranolol	D002046	KL-255	T005806
Antihypertensive Agents	D000959	Bupranolol	D002046	KL255	T005806
Antihypertensive Agents	D000959	Kallidin	D007609	Kallidin	T022838
Antihypertensive Agents	D000959	Kallidin	D007609	Kallidin Tetraacetate	T360389
Antihypertensive Agents	D000959	Kallidin	D007609	Kallidin, (D)-Isomer	T360388
Antihypertensive Agents	D000959	Valsartan	D000068756	Kalpress	T620417
Antihypertensive Agents	D000959	Nimodipine	D009553	Kenesil	T579832
Antihypertensive Agents	D000959	Betaxolol	D015784	Kerlon	T571003
Antihypertensive Agents	D000959	Betaxolol	D015784	Kerlone	T046810
Antihypertensive Agents	D000959	Ketanserin	D007650	Ketanserin	T022984
Antihypertensive Agents	D000959	Nitroprusside	D009599	Ketostix	T618121
Antihypertensive Agents	D000959	Clonidine	D003000	Klofelin	T008707
Antihypertensive Agents	D000959	Clonidine	D003000	Klofenil	T008703
Antihypertensive Agents	D000959	Oxprenolol	D010096	Koretal	T029851
Antihypertensive Agents	D000959	Timolol	D013999	L 714,465	T041057
Antihypertensive Agents	D000959	Timolol	D013999	L-714,465	T041057
Antihypertensive Agents	D000959	Timolol	D013999	L714,465	T041057
Antihypertensive Agents	D000959	Nicardipine	D009529	LA, Nicardipine	T028376
Antihypertensive Agents	D000959	Pindolol	D010869	LB 46	T032051
Antihypertensive Agents	D000959	Pindolol	D010869	LB-46	T032051
Antihypertensive Agents	D000959	Pindolol	D010869	LB46	T032051
Antihypertensive Agents	D000959	Labetalol	D007741	Labetalol	T023195
Antihypertensive Agents	D000959	Labetalol	D007741	Labetalol Hydrochloride	T579735
Antihypertensive Agents	D000959	Labetalol	D007741	Labetalol, (R,R)-Isomer	T766856
Antihypertensive Agents	D000959	Labetalol	D007741	Labetolol	T023196
Antihypertensive Agents	D000959	Bimatoprost	D000069580	Latisse	T000880694
Antihypertensive Agents	D000959	Nicardipine	D009529	Lecibral	T579087
Antihypertensive Agents	D000959	Cromakalim	D019806	Lemakalim	T058930
Antihypertensive Agents	D000959	Cromakalim	D019806	Levcromakalim	T058931
Antihypertensive Agents	D000959	Nicardipine	D009529	Lincil	T579089
Antihypertensive Agents	D000959	Lisinopril	D017706	Lisinopril	T052958
Antihypertensive Agents	D000959	Lisinopril	D017706	Lisinopril Maleate (1:1)	T359427
Antihypertensive Agents	D000959	Lisinopril	D017706	Lisinopril Sulfate (1:2)	T359426
Antihypertensive Agents	D000959	Nebivolol	D000068577	Lobivon	T578744
Antihypertensive Agents	D000959	Isradipine	D017275	Lomir	T051547
Antihypertensive Agents	D000959	Guanfacine	D016316	Lon798	T048672
Antihypertensive Agents	D000959	Minoxidil	D008914	Loniten	T026654
Antihypertensive Agents	D000959	Captopril	D002216	Lopirin	T006333
Antihypertensive Agents	D000959	Metoprolol	D008790	Lopressor	T026228
Antihypertensive Agents	D000959	Losartan	D019808	Losartan	T058934
Antihypertensive Agents	D000959	Losartan	D019808	Losartan Monopotassium Salt	T359328
Antihypertensive Agents	D000959	Losartan	D019808	Losartan Potassium	T058938
Antihypertensive Agents	D000959	Nicardipine	D009529	Loxen	T579079
Antihypertensive Agents	D000959	Nicardipine	D009529	Lucenfal	T579081
Antihypertensive Agents	D000959	Bimatoprost	D000069580	Lumigan	T456832
Antihypertensive Agents	D000959	Kallidin	D007609	Lys Bradykinin	T022839
Antihypertensive Agents	D000959	Kallidin	D007609	Lys-Bradykinin	T022839
Antihypertensive Agents	D000959	Kallidin	D007609	Lysine Bradykinin	T022841
Antihypertensive Agents	D000959	Lisinopril	D017706	Lysinopril	T052961
Antihypertensive Agents	D000959	Kallidin	D007609	Lysyl Bradykinin	T022840
Antihypertensive Agents	D000959	Acebutolol	D000070	M & B 17803A	T000180
Antihypertensive Agents	D000959	Clonidine	D003000	M 5041T	T008705
Antihypertensive Agents	D000959	Acebutolol	D000070	M&B 17803 A	T000179
Antihypertensive Agents	D000959	Acebutolol	D000070	M&B-17803 A	T000179
Antihypertensive Agents	D000959	Acebutolol	D000070	M&B17803 A	T000179
Antihypertensive Agents	D000959	Clonidine	D003000	M-5041T	T008705
Antihypertensive Agents	D000959	Clonidine	D003000	M5041T	T008705
Antihypertensive Agents	D000959	Enalapril	D004656	MK 421	T014227
Antihypertensive Agents	D000959	Enalaprilat	D015773	MK 422	T046780
Antihypertensive Agents	D000959	Timolol	D013999	MK 950	T041062
Antihypertensive Agents	D000959	Losartan	D019808	MK 954	T058939
Antihypertensive Agents	D000959	Enalapril	D004656	MK-421	T014227
Antihypertensive Agents	D000959	Enalaprilat	D015773	MK-422	T046780
Antihypertensive Agents	D000959	Lisinopril	D017706	MK-521	T052959
Antihypertensive Agents	D000959	Timolol	D013999	MK-950	T041062
Antihypertensive Agents	D000959	Losartan	D019808	MK-954	T058939
Antihypertensive Agents	D000959	Enalapril	D004656	MK421	T014228
Antihypertensive Agents	D000959	Enalaprilat	D015773	MK422	T046780
Antihypertensive Agents	D000959	Timolol	D013999	MK950	T041062
Antihypertensive Agents	D000959	Losartan	D019808	MK954	T058937
Antihypertensive Agents	D000959	Doxazosin	D017292	MTW Doxazosin	T615315
Antihypertensive Agents	D000959	Doxazosin	D017292	MTW-Doxazosin	T615315
Antihypertensive Agents	D000959	Enalapril	D004656	Maleate, Enalapril	T014226
Antihypertensive Agents	D000959	Mecamylamine	D008464	Mecamylamine	T025141
Antihypertensive Agents	D000959	Amlodipine Besylate, Olmesartan Medoxomil Drug Combination	D000068558	Medoxomil, Amlodipine Besylate-Olmesartan	T000876726
Antihypertensive Agents	D000959	Olmesartan Medoxomil	D000068557	Medoxomil, Olmesartan	T000876265
Antihypertensive Agents	D000959	Methyldopa	D008750	Meldopa	T614182
Antihypertensive Agents	D000959	Phentolamine	D010646	Mesilate, Phentolamine	T031464
Antihypertensive Agents	D000959	Doxazosin	D017292	Mesylate, Doxazosin	T051609
Antihypertensive Agents	D000959	Phentolamine	D010646	Mesylate, Phentolamine	T031463
Antihypertensive Agents	D000959	Phentolamine	D010646	Methanesulfonate, Phentolamine	T031466
Antihypertensive Agents	D000959	Methyldopa	D008750	Methyldopa	T026071
Antihypertensive Agents	D000959	Methyldopa	D008750	Methyldopate	T026075
Antihypertensive Agents	D000959	Metipranolol	D014290	Methypranol	T041834
Antihypertensive Agents	D000959	Indapamide	D007190	Metindamide	T021551
Antihypertensive Agents	D000959	Metipranolol	D014290	Metipranolol	T041835
Antihypertensive Agents	D000959	Metolazone	D008788	Metolazone	T026222
Antihypertensive Agents	D000959	Metoprolol	D008790	Metoprolol	T026233
Antihypertensive Agents	D000959	Metoprolol	D008790	Metoprolol CR XL	T000880322
Antihypertensive Agents	D000959	Metoprolol	D008790	Metoprolol CR-XL	T000880322
Antihypertensive Agents	D000959	Metoprolol	D008790	Metoprolol Succinate	T000880320
Antihypertensive Agents	D000959	Metoprolol	D008790	Metoprolol Tartrate	T026229
Antihypertensive Agents	D000959	Mibefradil	D020748	Mibefradil	T197277
Antihypertensive Agents	D000959	Mibefradil	D020748	Mibefradil Dihydrochloride	T197275
Antihypertensive Agents	D000959	Metolazone	D008788	Microx	T026223
Antihypertensive Agents	D000959	Prazosin	D011224	Minipress	T033070
Antihypertensive Agents	D000959	Minoxidil	D008914	Minoxidil	T026652
Antihypertensive Agents	D000959	Brimonidine Tartrate	D000068438	Mirvaso	T000875828
Antihypertensive Agents	D000959	Valsartan	D000068756	Miten	T620419
Antihypertensive Agents	D000959	Felodipine	D015736	Modip	T625005
Antihypertensive Agents	D000959	Nimodipine	D009553	Modus	T579842
Antihypertensive Agents	D000959	Acebutolol	D000070	Monitan	T504795
Antihypertensive Agents	D000959	Phentolamine	D010646	Mono-hydrochloride, Phentolamine	T361440
Antihypertensive Agents	D000959	Guanabenz	D006143	Monoacetate, Guanabenz	T360427
Antihypertensive Agents	D000959	Cilazapril	D017315	Monohydrate, Cilazapril	T845793
Antihypertensive Agents	D000959	Cilazapril	D017315	Monohydrobromide, Cilazapril	T359496
Antihypertensive Agents	D000959	Clonidine	D003000	Monohydrobromide, Clonidine	T360761
Antihypertensive Agents	D000959	Bepridil	D015764	Monohydrochloride, Bepridil	T359643
Antihypertensive Agents	D000959	Carteolol	D002354	Monohydrochloride, Carteolol	T361123
Antihypertensive Agents	D000959	Celiprolol	D017272	Monohydrochloride, Celiprolol	T359562
Antihypertensive Agents	D000959	Clonidine	D003000	Monohydrochloride, Clonidine	T360762
Antihypertensive Agents	D000959	Doxazosin	D017292	Monohydrochloride, Doxazosin	T359451
Antihypertensive Agents	D000959	Guanfacine	D016316	Monohydrochloride, Guanfacine	T359656
Antihypertensive Agents	D000959	Bepridil	D015764	Monohydrochloride, alpha-Isomer Bepridil	T359642
Antihypertensive Agents	D000959	Losartan	D019808	Monopotassium Salt, Losartan	T359328
Antihypertensive Agents	D000959	Fosinopril	D017328	Monopril	T051794
Antihypertensive Agents	D000959	Guanethidine	D006145	Monosulfate, Guanethidine	T018650
Antihypertensive Agents	D000959	Hexamethonium	D018738	Monotartrate, Hexamethonium	T359366
Antihypertensive Agents	D000959	Felodipine	D015736	Munobal	T625029
Antihypertensive Agents	D000959	Muzolimine	D009156	Muzolimine	T027350
Antihypertensive Agents	D000959	Metolazone	D008788	Mykrox	T814664
Antihypertensive Agents	D000959	Celiprolol	D017272	N'-(3-Acetyl-4-(3-((1,1-dimethylethyl)amino)-2-hydroxypropoxy)phenyl)-N,N-diethylurea	T051532
Antihypertensive Agents	D000959	Valsartan	D000068756	N-valeryl-N-((2'-(1H-tetrazol-5-yl)biphenyl-4-yl)methyl)valine	T247350
Antihypertensive Agents	D000959	Kallidin	D007609	N2 L Lysylbradykinin	T022842
Antihypertensive Agents	D000959	Kallidin	D007609	N2-L-Lysylbradykinin	T022842
Antihypertensive Agents	D000959	Nadolol	D009248	Nadolol	T027586
Antihypertensive Agents	D000959	Nitroprusside	D009599	Naniprus	T028585
Antihypertensive Agents	D000959	Trichlormethiazide	D014237	Naqua	T041702
Antihypertensive Agents	D000959	Bendroflumethiazide	D001539	Naturetin	T004464
Antihypertensive Agents	D000959	Bendroflumethiazide	D001539	Naturine	T569456
Antihypertensive Agents	D000959	Nebivolol	D000068577	Nebilet	T578743
Antihypertensive Agents	D000959	Nebivolol	D000068577	Nebivolol	T000876336
Antihypertensive Agents	D000959	Nebivolol	D000068577	Nebivolol Hydrochloride	T000876337
Antihypertensive Agents	D000959	Bendroflumethiazide	D001539	Neo NaClex	T569461
Antihypertensive Agents	D000959	Doxazosin	D017292	Neo, Carduran	T615182
Antihypertensive Agents	D000959	Bendroflumethiazide	D001539	Neo-NaClex	T569461
Antihypertensive Agents	D000959	Protoveratrines	D011526	Neoprotoveratrin	T034048
Antihypertensive Agents	D000959	Hydralazine	D006830	Nepresol	T020621
Antihypertensive Agents	D000959	Acebutolol	D000070	Neptal	T504751
Antihypertensive Agents	D000959	Fosinopril	D017328	Newace	T635599
Antihypertensive Agents	D000959	Nicardipine	D009529	Nicardipine	T028374
Antihypertensive Agents	D000959	Nicardipine	D009529	Nicardipine Hydrochloride	T579066
Antihypertensive Agents	D000959	Nicardipine	D009529	Nicardipine LA	T028376
Antihypertensive Agents	D000959	Nicardipine	D009529	Nicardipino Ratiopharm	T579100
Antihypertensive Agents	D000959	Nicardipine	D009529	Nicardipino Seid	T579057
Antihypertensive Agents	D000959	Nicorandil	D020108	Nicorandil	T059858
Antihypertensive Agents	D000959	Nitrendipine	D009568	Nidrel	T580018
Antihypertensive Agents	D000959	Nimodipine	D009553	Nimodipin Hexal	T579834
Antihypertensive Agents	D000959	Nimodipine	D009553	Nimodipin ISIS	T579836
Antihypertensive Agents	D000959	Nimodipine	D009553	Nimodipin-ISIS	T579836
Antihypertensive Agents	D000959	Nimodipine	D009553	Nimodipine	T028477
Antihypertensive Agents	D000959	Nimodipine	D009553	Nimodipino Bayvit	T579838
Antihypertensive Agents	D000959	Nimodipine	D009553	Nimotop	T028478
Antihypertensive Agents	D000959	Nitroprusside	D009599	Nipride	T618123
Antihypertensive Agents	D000959	Nitrendipine	D009568	Niprina	T580019
Antihypertensive Agents	D000959	Nitroprusside	D009599	Nipruton	T028586
Antihypertensive Agents	D000959	Valsartan	D000068756	Nisis	T620421
Antihypertensive Agents	D000959	Nisoldipine	D015737	Nisoldipine	T046671
Antihypertensive Agents	D000959	Nicorandil	D020108	Nitrate, 2-Nicotinamidethyl	T059859
Antihypertensive Agents	D000959	Nicorandil	D020108	Nitrate, 2-Nicotinamidoethyl	T059860
Antihypertensive Agents	D000959	Nitrendipine	D009568	Nitre AbZ	T580041
Antihypertensive Agents	D000959	Nitrendipine	D009568	Nitre Puren	T580043
Antihypertensive Agents	D000959	Nitrendipine	D009568	Nitre-Puren	T580043
Antihypertensive Agents	D000959	Nitrendipine	D009568	NitrePuren	T580043
Antihypertensive Agents	D000959	Nitrendipine	D009568	Nitregamma	T580046
Antihypertensive Agents	D000959	Nitrendipine	D009568	Nitren 1A Pharma	T580048
Antihypertensive Agents	D000959	Nitrendipine	D009568	Nitren Lich	T580052
Antihypertensive Agents	D000959	Nitrendipine	D009568	Nitren acis	T580050
Antihypertensive Agents	D000959	Nitrendipine	D009568	Nitrend KSK	T580069
Antihypertensive Agents	D000959	Nitrendipine	D009568	Nitrendepat	T580071
Antihypertensive Agents	D000959	Nitrendipine	D009568	Nitrendi Biochemie	T580073
Antihypertensive Agents	D000959	Nitrendipine	D009568	Nitrendidoc	T580075
Antihypertensive Agents	D000959	Nitrendipine	D009568	Nitrendimerck	T580077
Antihypertensive Agents	D000959	Nitrendipine	D009568	Nitrendipin AL	T580083
Antihypertensive Agents	D000959	Nitrendipine	D009568	Nitrendipin Apogepha	T580085
Antihypertensive Agents	D000959	Nitrendipine	D009568	Nitrendipin Atid	T580087
Antihypertensive Agents	D000959	Nitrendipine	D009568	Nitrendipin Basics	T580089
Antihypertensive Agents	D000959	Nitrendipine	D009568	Nitrendipin Heumann	T580111
Antihypertensive Agents	D000959	Nitrendipine	D009568	Nitrendipin Jenapharm	T580113
Antihypertensive Agents	D000959	Nitrendipine	D009568	Nitrendipin Lindo	T580115
Antihypertensive Agents	D000959	Nitrendipine	D009568	Nitrendipin Stada	T580124
Antihypertensive Agents	D000959	Nitrendipine	D009568	Nitrendipin beta	T580109
Antihypertensive Agents	D000959	Nitrendipine	D009568	Nitrendipin ratiopharm	T580151
Antihypertensive Agents	D000959	Nitrendipine	D009568	Nitrendipin-ratiopharm	T580151
Antihypertensive Agents	D000959	Nitrendipine	D009568	Nitrendipine	T028506
Antihypertensive Agents	D000959	Nitrendipine	D009568	Nitrendipino Bayvit	T580153
Antihypertensive Agents	D000959	Nitrendipine	D009568	Nitrendipino Ratiopharm	T580150
Antihypertensive Agents	D000959	Nitrendipine	D009568	Nitrendipinratiopharm	T580151
Antihypertensive Agents	D000959	Nitrendipine	D009568	Nitrensal	T580155
Antihypertensive Agents	D000959	Nitrendipine	D009568	Nitrepress	T580157
Antihypertensive Agents	D000959	Nitroprusside	D009599	Nitriate	T618126
Antihypertensive Agents	D000959	Nitroprusside	D009599	Nitroferricyanide	T028583
Antihypertensive Agents	D000959	Nitroprusside	D009599	Nitropress	T618128
Antihypertensive Agents	D000959	Nitroprusside	D009599	Nitroprussiat Fides	T618130
Antihypertensive Agents	D000959	Nitroprusside	D009599	Nitroprusside	T028584
Antihypertensive Agents	D000959	Nitroprusside	D009599	Nitroprusside, Disodium Salt	T360161
Antihypertensive Agents	D000959	Nitroprusside	D009599	Nitroprusside, Disodium Salt, Dihydrate	T360160
Antihypertensive Agents	D000959	Nitroprusside	D009599	Nitroprusside, Sodium	T028587
Antihypertensive Agents	D000959	Teprotide	D013722	Nonapeptide Converting Enzyme Inhibitor	T040303
Antihypertensive Agents	D000959	Teprotide	D013722	Nonapeptide-Converting Enzyme Inhibitor	T040303
Antihypertensive Agents	D000959	Labetalol	D007741	Normodyne	T023198
Antihypertensive Agents	D000959	Amlodipine	D017311	Norvasc	T051704
Antihypertensive Agents	D000959	Acebutolol	D000070	Novo Acebutolol	T504753
Antihypertensive Agents	D000959	Doxazosin	D017292	Novo Doxazosin	T615316
Antihypertensive Agents	D000959	Acebutolol	D000070	Novo-Acebutolol	T504753
Antihypertensive Agents	D000959	Doxazosin	D017292	Novo-Doxazosin	T615316
Antihypertensive Agents	D000959	Acebutolol	D000070	NovoAcebutolol	T504753
Antihypertensive Agents	D000959	Methyldopa	D008750	Nu Medopa	T614184
Antihypertensive Agents	D000959	Methyldopa	D008750	Nu-Medopa	T614184
Antihypertensive Agents	D000959	Nimodipine	D009553	Nymalize	T844185
Antihypertensive Agents	D000959	Carteolol	D002354	OPC 1085	T006793
Antihypertensive Agents	D000959	Carteolol	D002354	OPC-1085	T006793
Antihypertensive Agents	D000959	Carteolol	D002354	OPC1085	T006793
Antihypertensive Agents	D000959	Propranolol	D011433	Obsidan	T033745
Antihypertensive Agents	D000959	Propranolol	D011433	Obzidan	T033743
Antihypertensive Agents	D000959	Guanethidine	D006145	Octadine	T018646
Antihypertensive Agents	D000959	Guanethidine	D006145	Oktadin	T018644
Antihypertensive Agents	D000959	Olmesartan Medoxomil	D000068557	Olmesartan Medoxomil	T000876265
Antihypertensive Agents	D000959	Olmesartan Medoxomil	D000068557	Olmetec	T584175
Antihypertensive Agents	D000959	Timolol	D013999	Optimol	T041063
Antihypertensive Agents	D000959	Hydrochlorothiazide	D006852	Oretic	T020669
Antihypertensive Agents	D000959	Bretylium Tosylate	D001950	Ornid	T005559
Antihypertensive Agents	D000959	Betaxolol	D015784	Oxodal	T571004
Antihypertensive Agents	D000959	Chlorthalidone	D002752	Oxodoline	T007995
Antihypertensive Agents	D000959	Oxprenolol	D010096	Oxprenolol	T029852
Antihypertensive Agents	D000959	Oxprenolol	D010096	Oxprenolol Hydrochloride	T029856
Antihypertensive Agents	D000959	Adrenomedullin	D053607	PAMP(1-20)NH2	T569617
Antihypertensive Agents	D000959	Epoprostenol	D011464	PGI2	T033862
Antihypertensive Agents	D000959	Epoprostenol	D011464	PGX	T033863
Antihypertensive Agents	D000959	Isradipine	D017275	PN 200-110	T051548
Antihypertensive Agents	D000959	Isradipine	D017275	PN 205 033	T051551
Antihypertensive Agents	D000959	Isradipine	D017275	PN 205 034	T051552
Antihypertensive Agents	D000959	Isradipine	D017275	PN 205-033	T051550
Antihypertensive Agents	D000959	Isradipine	D017275	PN 205-034	T051552
Antihypertensive Agents	D000959	Isradipine	D017275	PN 205033	T051550
Antihypertensive Agents	D000959	Isradipine	D017275	PN 205034	T051552
Antihypertensive Agents	D000959	Isradipine	D017275	PN-200-110	T051549
Antihypertensive Agents	D000959	Isradipine	D017275	PN-205-033	T051551
Antihypertensive Agents	D000959	Isradipine	D017275	PN-205-034	T051553
Antihypertensive Agents	D000959	Isradipine	D017275	PN205033	T051551
Antihypertensive Agents	D000959	Isradipine	D017275	PN205034	T051553
Antihypertensive Agents	D000959	Pargyline	D010293	Pargyline	T030404
Antihypertensive Agents	D000959	Pargyline	D010293	Pargyline Hydrochloride	T030405
Antihypertensive Agents	D000959	Pempidine	D010393	Pempidine	T030663
Antihypertensive Agents	D000959	Penbutolol	D010394	Penbutolol	T030666
Antihypertensive Agents	D000959	Penbutolol	D010394	Penbutolol Sulfate	T030667
Antihypertensive Agents	D000959	Penbutolol	D010394	Penbutolol Sulfate (2:1)	T361434
Antihypertensive Agents	D000959	Pentolinium Tartrate	D010425	Pentolinium	T030792
Antihypertensive Agents	D000959	Pentolinium Tartrate	D010425	Pentolinium Tartrate	T030793
Antihypertensive Agents	D000959	Pentolinium Tartrate	D010425	Pentolonium Tartrate	T030794
Antihypertensive Agents	D000959	Teprotide	D013722	Peptide 9a, Bradykinin-Potentiating	T040302
Antihypertensive Agents	D000959	Nicardipine	D009529	Perdipine	T028377
Antihypertensive Agents	D000959	Felodipine	D015736	Perfudal	T625090
Antihypertensive Agents	D000959	Perindopril	D020913	Perindopril	T159816
Antihypertensive Agents	D000959	Perindopril	D020913	Perindopril Erbumine	T159813
Antihypertensive Agents	D000959	Perindopril	D020913	Perstarium	T159815
Antihypertensive Agents	D000959	Vincamine	D014749	Pervincamine	T043097
Antihypertensive Agents	D000959	Phenoxybenzamine	D010643	Phenoxybenzamine	T031440
Antihypertensive Agents	D000959	Phenoxybenzamine	D010643	Phenoxybenzamine Hydrochloride	T031445
Antihypertensive Agents	D000959	Phentolamine	D010646	Phentolamine	T031461
Antihypertensive Agents	D000959	Phentolamine	D010646	Phentolamine Mesilate	T031464
Antihypertensive Agents	D000959	Phentolamine	D010646	Phentolamine Mesylate	T031463
Antihypertensive Agents	D000959	Phentolamine	D010646	Phentolamine Methanesulfonate	T031466
Antihypertensive Agents	D000959	Phentolamine	D010646	Phentolamine Mono hydrochloride	T361440
Antihypertensive Agents	D000959	Phentolamine	D010646	Phentolamine Mono-hydrochloride	T361440
Antihypertensive Agents	D000959	Chlorthalidone	D002752	Phthalamudine	T007996
Antihypertensive Agents	D000959	Pinacidil	D020110	Pinacidil	T059865
Antihypertensive Agents	D000959	Pinacidil	D020110	Pinacidil Anhydrous	T359264
Antihypertensive Agents	D000959	Pinacidil	D020110	Pindac	T059866
Antihypertensive Agents	D000959	Pindolol	D010869	Pindolol	T032052
Antihypertensive Agents	D000959	Piperoxan	D010883	Piperoxan	T032083
Antihypertensive Agents	D000959	Piperoxan	D010883	Piperoxane	T032085
Antihypertensive Agents	D000959	Perindopril	D020913	Pirindopril	T159814
Antihypertensive Agents	D000959	Felodipine	D015736	Plendil	T046669
Antihypertensive Agents	D000959	Bendroflumethiazide	D001539	Pluryl	T569457
Antihypertensive Agents	D000959	Polythiazide	D011139	Polythiazide	T032786
Antihypertensive Agents	D000959	Mibefradil	D020748	Posicor	T197276
Antihypertensive Agents	D000959	Losartan	D019808	Potassium, Losartan	T058938
Antihypertensive Agents	D000959	Prazosin	D011224	Pratsiol	T033067
Antihypertensive Agents	D000959	Prazosin	D011224	Prazosin	T033069
Antihypertensive Agents	D000959	Prazosin	D011224	Prazosin HCL	T766530
Antihypertensive Agents	D000959	Prazosin	D011224	Prazosin Hydrochloride	T766529
Antihypertensive Agents	D000959	Acebutolol	D000070	Prent	T504755
Antihypertensive Agents	D000959	Enalaprilat	D015773	Pres iv	T617299
Antihypertensive Agents	D000959	Labetalol	D007741	Presolol	T579738
Antihypertensive Agents	D000959	Tolazoline	D014043	Pridazole	T041179
Antihypertensive Agents	D000959	Pindolol	D010869	Prindolol	T032053
Antihypertensive Agents	D000959	Lisinopril	D017706	Prinivil	T052960
Antihypertensive Agents	D000959	Tolazoline	D014043	Priscol	T041183
Antihypertensive Agents	D000959	Tolazoline	D014043	Priscoline	T620862
Antihypertensive Agents	D000959	Adrenomedullin	D053607	Proadrenomedullin (1-20)	T264542
Antihypertensive Agents	D000959	Adrenomedullin	D053607	Proadrenomedullin N Terminal 20 Peptide	T264541
Antihypertensive Agents	D000959	Adrenomedullin	D053607	Proadrenomedullin N-Terminal 20 Peptide	T264541
Antihypertensive Agents	D000959	Doxazosin	D017292	Progandol Neo	T615317
Antihypertensive Agents	D000959	Diazoxide	D003981	Proglycem	T012086
Antihypertensive Agents	D000959	Propranolol	D011433	Propanolol	T033736
Antihypertensive Agents	D000959	Propranolol	D011433	Propranolol	T033737
Antihypertensive Agents	D000959	Propranolol	D011433	Propranolol Hydrochloride	T033746
Antihypertensive Agents	D000959	Epoprostenol	D011464	Prostacyclin	T033857
Antihypertensive Agents	D000959	Epoprostenol	D011464	Prostaglandin I(2)	T033858
Antihypertensive Agents	D000959	Epoprostenol	D011464	Prostaglandin I2	T033860
Antihypertensive Agents	D000959	Protoveratrines	D011526	Protalba	T034050
Antihypertensive Agents	D000959	Protoveratrines	D011526	Protoveratrine A	T034051
Antihypertensive Agents	D000959	Protoveratrines	D011526	Protoveratrines	T034053
Antihypertensive Agents	D000959	Protoveratrines	D011526	Protoverin	T034052
Antihypertensive Agents	D000959	Valsartan	D000068756	Provas	T620423
Antihypertensive Agents	D000959	Brimonidine Tartrate	D000068438	Purite, Brimonidine	T000875823
Antihypertensive Agents	D000959	Ketanserin	D007650	R 41,468	T022987
Antihypertensive Agents	D000959	Ketanserin	D007650	R 41468	T022985
Antihypertensive Agents	D000959	Nebivolol	D000068577	R 67555	T179654
Antihypertensive Agents	D000959	Labetalol	D007741	R,R Labetalol	T766852
Antihypertensive Agents	D000959	Labetalol	D007741	R,R-Labetalol	T766852
Antihypertensive Agents	D000959	Ketanserin	D007650	R-41,468	T022987
Antihypertensive Agents	D000959	Ketanserin	D007650	R-41468	T022985
Antihypertensive Agents	D000959	Nebivolol	D000068577	R-67555	T179655
Antihypertensive Agents	D000959	Ketanserin	D007650	R41,468	T022987
Antihypertensive Agents	D000959	Ketanserin	D007650	R41468	T022985
Antihypertensive Agents	D000959	Nebivolol	D000068577	R67555	T179655
Antihypertensive Agents	D000959	Celiprolol	D017272	REV 5320A	T051533
Antihypertensive Agents	D000959	Celiprolol	D017272	REV-5320A	T051533
Antihypertensive Agents	D000959	Celiprolol	D017272	REV5320A	T051533
Antihypertensive Agents	D000959	Ramipril	D017257	Ramace	T616813
Antihypertensive Agents	D000959	Ramipril	D017257	Ramipril	T051454
Antihypertensive Agents	D000959	Brimonidine Tartrate	D000068438	Ratio Brimonidine	T000875829
Antihypertensive Agents	D000959	Brimonidine Tartrate	D000068438	Ratio-Brimonidine	T000875829
Antihypertensive Agents	D000959	Doxazosin	D017292	Ratiopharm, Doxazosina	T615311
Antihypertensive Agents	D000959	Reserpine	D012110	Raunervil	T036073
Antihypertensive Agents	D000959	Reserpine	D012110	Raupasil	T036074
Antihypertensive Agents	D000959	Reserpine	D012110	Rausedil	T036078
Antihypertensive Agents	D000959	Reserpine	D012110	Rausedyl	T036075
Antihypertensive Agents	D000959	Minoxidil	D008914	Regaine	T553512
Antihypertensive Agents	D000959	Phentolamine	D010646	Regitine	T031467
Antihypertensive Agents	D000959	Phentolamine	D010646	Regityn	T031465
Antihypertensive Agents	D000959	Nimodipine	D009553	Remontal	T579840
Antihypertensive Agents	D000959	Felodipine	D015736	Renedil	T625026
Antihypertensive Agents	D000959	Polythiazide	D011139	Renese	T032787
Antihypertensive Agents	D000959	Enalapril	D004656	Renitec	T014229
Antihypertensive Agents	D000959	Enalapril	D004656	Renitek	T014230
Antihypertensive Agents	D000959	Reserpine	D012110	Reserpine	T036076
Antihypertensive Agents	D000959	Propranolol	D011433	Rexigen	T033738
Antihypertensive Agents	D000959	Acebutolol	D000070	Rhotral	T504758
Antihypertensive Agents	D000959	Nicardipine	D009529	Ridene	T579102
Antihypertensive Agents	D000959	Cilazapril	D017315	Ro 31 2848	T051722
Antihypertensive Agents	D000959	Cilazapril	D017315	Ro 31-2848	T051722
Antihypertensive Agents	D000959	Cilazapril	D017315	Ro 312848	T051722
Antihypertensive Agents	D000959	Mibefradil	D020748	Ro 40 5967	T197272
Antihypertensive Agents	D000959	Mibefradil	D020748	Ro 40-5967	T197272
Antihypertensive Agents	D000959	Mibefradil	D020748	Ro 405967	T197272
Antihypertensive Agents	D000959	Cilazapril	D017315	Ro-31-2848	T051723
Antihypertensive Agents	D000959	Cilazapril	D017315	Ro312848	T051723
Antihypertensive Agents	D000959	Minoxidil	D008914	Rogaine	T553511
Antihypertensive Agents	D000959	Phentolamine	D010646	Rogitine	T614902
Antihypertensive Agents	D000959	Indapamide	D007190	S 1520	T021553
Antihypertensive Agents	D000959	Perindopril	D020913	S 9490	T159812
Antihypertensive Agents	D000959	Perindopril	D020913	S 9490 3	T365687
Antihypertensive Agents	D000959	Perindopril	D020913	S 9490-3	T365687
Antihypertensive Agents	D000959	Perindopril	D020913	S 94903	T365687
Antihypertensive Agents	D000959	Indapamide	D007190	S-1520	T021553
Antihypertensive Agents	D000959	Perindopril	D020913	S-9490	T159812
Antihypertensive Agents	D000959	Indapamide	D007190	S1520	T021553
Antihypertensive Agents	D000959	Perindopril	D020913	S9490	T159812
Antihypertensive Agents	D000959	Labetalol	D007741	SCH 19927	T023194
Antihypertensive Agents	D000959	Labetalol	D007741	SCH-19927	T023194
Antihypertensive Agents	D000959	Labetalol	D007741	SCH19927	T023194
Antihypertensive Agents	D000959	Indapamide	D007190	SE 1520	T021552
Antihypertensive Agents	D000959	Indapamide	D007190	SE-1520	T021552
Antihypertensive Agents	D000959	Indapamide	D007190	SE1520	T021552
Antihypertensive Agents	D000959	Nicorandil	D020108	SG 75	T059861
Antihypertensive Agents	D000959	Nicorandil	D020108	SG-75	T059861
Antihypertensive Agents	D000959	Nicorandil	D020108	SG75	T059861
Antihypertensive Agents	D000959	Fenoldopam	D018818	SK&F 82526	T056090
Antihypertensive Agents	D000959	Fenoldopam	D018818	SK&F 82526J	T056093
Antihypertensive Agents	D000959	Fenoldopam	D018818	SK&F-82526	T056090
Antihypertensive Agents	D000959	Fenoldopam	D018818	SK&F-82526J	T056093
Antihypertensive Agents	D000959	Fenoldopam	D018818	SK&F82526	T056090
Antihypertensive Agents	D000959	Fenoldopam	D018818	SK&F82526J	T056093
Antihypertensive Agents	D000959	Ticrynafen	D013989	SKF 62698	T041022
Antihypertensive Agents	D000959	Fenoldopam	D018818	SKF 82526	T056091
Antihypertensive Agents	D000959	Fenoldopam	D018818	SKF 82526J	T056092
Antihypertensive Agents	D000959	Ticrynafen	D013989	SKF-62698	T041022
Antihypertensive Agents	D000959	Fenoldopam	D018818	SKF-82526	T056091
Antihypertensive Agents	D000959	Fenoldopam	D018818	SKF-82526J	T056092
Antihypertensive Agents	D000959	Ticrynafen	D013989	SKF62698	T041022
Antihypertensive Agents	D000959	Fenoldopam	D018818	SKF82526	T056091
Antihypertensive Agents	D000959	Fenoldopam	D018818	SKF82526J	T056092
Antihypertensive Agents	D000959	Betaxolol	D015784	SL 75212	T046808
Antihypertensive Agents	D000959	Betaxolol	D015784	SL-75212	T046808
Antihypertensive Agents	D000959	Betaxolol	D015784	SL75212	T046808
Antihypertensive Agents	D000959	Nadolol	D009248	SQ 11725	T027588
Antihypertensive Agents	D000959	Captopril	D002216	SQ 14,225	T006336
Antihypertensive Agents	D000959	Captopril	D002216	SQ 14,534	T006337
Antihypertensive Agents	D000959	Captopril	D002216	SQ 14225	T006334
Antihypertensive Agents	D000959	Captopril	D002216	SQ 14534	T006338
Antihypertensive Agents	D000959	Fosinopril	D017328	SQ 28,555	T051795
Antihypertensive Agents	D000959	Fosinopril	D017328	SQ 28555	T051793
Antihypertensive Agents	D000959	Nadolol	D009248	SQ-11725	T027588
Antihypertensive Agents	D000959	Captopril	D002216	SQ-14,225	T006336
Antihypertensive Agents	D000959	Captopril	D002216	SQ-14,534	T006337
Antihypertensive Agents	D000959	Captopril	D002216	SQ-14225	T006334
Antihypertensive Agents	D000959	Captopril	D002216	SQ-14534	T006338
Antihypertensive Agents	D000959	Teprotide	D013722	SQ-20881	T040304
Antihypertensive Agents	D000959	Fosinopril	D017328	SQ-28,555	T051795
Antihypertensive Agents	D000959	Fosinopril	D017328	SQ-28555	T051793
Antihypertensive Agents	D000959	Nadolol	D009248	SQ11725	T027588
Antihypertensive Agents	D000959	Captopril	D002216	SQ14,225	T006336
Antihypertensive Agents	D000959	Captopril	D002216	SQ14,534	T006337
Antihypertensive Agents	D000959	Captopril	D002216	SQ14225	T006334
Antihypertensive Agents	D000959	Captopril	D002216	SQ14534	T006338
Antihypertensive Agents	D000959	Fosinopril	D017328	SQ28,555	T051795
Antihypertensive Agents	D000959	Fosinopril	D017328	SQ28555	T051793
Antihypertensive Agents	D000959	Metolazone	D008788	SR 720 22	T026224
Antihypertensive Agents	D000959	Metolazone	D008788	SR-720-22	T026224
Antihypertensive Agents	D000959	Metolazone	D008788	SR72022	T026224
Antihypertensive Agents	D000959	Celiprolol	D017272	ST 1396	T051534
Antihypertensive Agents	D000959	Clonidine	D003000	ST 155	T008704
Antihypertensive Agents	D000959	Celiprolol	D017272	ST-1396	T051534
Antihypertensive Agents	D000959	Clonidine	D003000	ST-155	T008704
Antihypertensive Agents	D000959	Celiprolol	D017272	ST1396	T051534
Antihypertensive Agents	D000959	Clonidine	D003000	ST155	T008704
Antihypertensive Agents	D000959	Losartan	D019808	Salt, Losartan Monopotassium	T359328
Antihypertensive Agents	D000959	Brimonidine Tartrate	D000068438	Sanrosa	T000876946
Antihypertensive Agents	D000959	1-Sarcosine-8-Isoleucine Angiotensin II	D015059	Sarile	T043932
Antihypertensive Agents	D000959	Acebutolol	D000070	Sectral	T000178
Antihypertensive Agents	D000959	Hydrochlorothiazide	D006852	Sectrazide	T020670
Antihypertensive Agents	D000959	Ticrynafen	D013989	Selacryn	T041021
Antihypertensive Agents	D000959	Celiprolol	D017272	Selectol	T051536
Antihypertensive Agents	D000959	Metoprolol	D008790	Seloken	T026230
Antihypertensive Agents	D000959	Methyldopa	D008750	Sembrina	T614186
Antihypertensive Agents	D000959	Reserpine	D012110	Serpasil	T036077
Antihypertensive Agents	D000959	Reserpine	D012110	Serpivite	T616844
Antihypertensive Agents	D000959	Nebivolol	D000068577	Silostar	T578748
Antihypertensive Agents	D000959	Oxprenolol	D010096	Slow Trasicor	T029857
Antihypertensive Agents	D000959	Nitroprusside	D009599	Sodium Nitroprusside	T028587
Antihypertensive Agents	D000959	Fosinopril	D017328	Sodium, Fosinopril	T051792
Antihypertensive Agents	D000959	Nadolol	D009248	Solgol	T027587
Antihypertensive Agents	D000959	Metoprolol	D008790	Spesicor	T026234
Antihypertensive Agents	D000959	Metoprolol	D008790	Spesikor	T026235
Antihypertensive Agents	D000959	Fosinopril	D017328	Staril	T051791
Antihypertensive Agents	D000959	Metoprolol	D008790	Succinate, Metoprolol	T000880320
Antihypertensive Agents	D000959	Bethanidine	D001627	Sulfate, Bethanidine	T004717
Antihypertensive Agents	D000959	Dihydralazine	D004078	Sulfate, Dihydralazine	T641431
Antihypertensive Agents	D000959	Guanethidine	D006145	Sulfate, Guanethidine	T018647
Antihypertensive Agents	D000959	Penbutolol	D010394	Sulfate, Penbutolol	T030667
Antihypertensive Agents	D000959	Valsartan	D000068756	Tareg	T620415
Antihypertensive Agents	D000959	Brimonidine Tartrate	D000068438	Tartrate, Brimonidine	T000875824
Antihypertensive Agents	D000959	Metoprolol	D008790	Tartrate, Metoprolol	T026229
Antihypertensive Agents	D000959	Pentolinium Tartrate	D010425	Tartrate, Pentolinium	T030793
Antihypertensive Agents	D000959	Pentolinium Tartrate	D010425	Tartrate, Pentolonium	T030794
Antihypertensive Agents	D000959	Debrisoquin	D003647	Tendor	T010635
Antihypertensive Agents	D000959	Guanfacine	D016316	Tenex	T048673
Antihypertensive Agents	D000959	Atenolol	D001262	Tenormin	T003766
Antihypertensive Agents	D000959	Atenolol	D001262	Tenormine	T003765
Antihypertensive Agents	D000959	Protoveratrines	D011526	Tensatrin	T034056
Antihypertensive Agents	D000959	Fosinopril	D017328	Tenso Stop	T635609
Antihypertensive Agents	D000959	Fosinopril	D017328	Tensocardil	T635610
Antihypertensive Agents	D000959	Nitrendipine	D009568	Tensogradal	T580160
Antihypertensive Agents	D000959	Teprotide	D013722	Teprotide	T040305
Antihypertensive Agents	D000959	Kallidin	D007609	Tetraacetate, Kallidin	T360389
Antihypertensive Agents	D000959	Oxprenolol	D010096	Tevacor	T029855
Antihypertensive Agents	D000959	Chlorthalidone	D002752	Thalitone	T007997
Antihypertensive Agents	D000959	Ticrynafen	D013989	Thienylic Acid	T041023
Antihypertensive Agents	D000959	Trimethaphan	D014294	Thimethaphan	T041849
Antihypertensive Agents	D000959	Diltiazem	D004110	Tiazac	T714550
Antihypertensive Agents	D000959	Ticrynafen	D013989	Ticrynafen	T041024
Antihypertensive Agents	D000959	Ticrynafen	D013989	Tienilic Acid	T041025
Antihypertensive Agents	D000959	Timolol	D013999	Timacar	T041056
Antihypertensive Agents	D000959	Timolol	D013999	Timolol	T041058
Antihypertensive Agents	D000959	Timolol	D013999	Timolol Hemihydrate	T493514
Antihypertensive Agents	D000959	Timolol	D013999	Timolol Maleate	T041064
Antihypertensive Agents	D000959	Timolol	D013999	Timolol Maleate, (1:1) Salt	T361483
Antihypertensive Agents	D000959	Timolol	D013999	Timoptic	T041060
Antihypertensive Agents	D000959	Timolol	D013999	Timoptol	T041061
Antihypertensive Agents	D000959	Todralazine	D014032	Todralazine	T041159
Antihypertensive Agents	D000959	Todralazine	D014032	Todrazoline	T041160
Antihypertensive Agents	D000959	Tolazoline	D014043	Tolazoline	T041181
Antihypertensive Agents	D000959	Tolazoline	D014043	Tolazoline Hydrochloride	T041184
Antihypertensive Agents	D000959	Tolazoline	D014043	Tolazoline Monohydrochloride	T361484
Antihypertensive Agents	D000959	Metoprolol	D008790	Toprol	T000880321
Antihypertensive Agents	D000959	Metoprolol	D008790	Toprol XL	T461313
Antihypertensive Agents	D000959	Metoprolol	D008790	Toprol-XL	T461313
Antihypertensive Agents	D000959	Metoprolol	D008790	ToprolXL	T461313
Antihypertensive Agents	D000959	Labetalol	D007741	Trandate	T023197
Antihypertensive Agents	D000959	Oxprenolol	D010096	Trasicor	T029854
Antihypertensive Agents	D000959	Oxprenolol	D010096	Trasicor, Slow	T029857
Antihypertensive Agents	D000959	Travoprost	D000069557	Travatan	T621553
Antihypertensive Agents	D000959	Travoprost	D000069557	Travatan Z	T704220
Antihypertensive Agents	D000959	Travoprost	D000069557	Travoprost	T000880623
Antihypertensive Agents	D000959	Nitrendipine	D009568	Trendinol	T580162
Antihypertensive Agents	D000959	Ramipril	D017257	Triatec	T051456
Antihypertensive Agents	D000959	Trichlormethiazide	D014237	Triazide	T041703
Antihypertensive Agents	D000959	Trichlormethiazide	D014237	Trichlormethiazide	T041704
Antihypertensive Agents	D000959	Trichlormethiazide	D014237	Trichloromethiazide	T041705
Antihypertensive Agents	D000959	Hydroflumethiazide	D006857	Trifluoromethylhydrothiazide	T020689
Antihypertensive Agents	D000959	Metipranolol	D014290	Trimepranol	T041836
Antihypertensive Agents	D000959	Trimethaphan	D014294	Trimetaphan	T041847
Antihypertensive Agents	D000959	Trimethaphan	D014294	Trimethaphan	T041848
Antihypertensive Agents	D000959	Ramipril	D017257	Tritace	T616815
Antihypertensive Agents	D000959	Minoxidil	D008914	U 10858	T026653
Antihypertensive Agents	D000959	3,4-Dichloro-N-methyl-N-(2-(1-pyrrolidinyl)-cyclohexyl)-benzeneacetamide, (trans)-Isomer	D019900	U 50,488H	T059270
Antihypertensive Agents	D000959	3,4-Dichloro-N-methyl-N-(2-(1-pyrrolidinyl)-cyclohexyl)-benzeneacetamide, (trans)-Isomer	D019900	U 50488	T059269
Antihypertensive Agents	D000959	3,4-Dichloro-N-methyl-N-(2-(1-pyrrolidinyl)-cyclohexyl)-benzeneacetamide, (trans)-Isomer	D019900	U 50488H	T059271
Antihypertensive Agents	D000959	3,4-Dichloro-N-methyl-N-(2-(1-pyrrolidinyl)-cyclohexyl)-benzeneacetamide, (trans)-Isomer	D019900	U-50,488H	T059270
Antihypertensive Agents	D000959	3,4-Dichloro-N-methyl-N-(2-(1-pyrrolidinyl)-cyclohexyl)-benzeneacetamide, (trans)-Isomer	D019900	U-50488	T059269
Antihypertensive Agents	D000959	3,4-Dichloro-N-methyl-N-(2-(1-pyrrolidinyl)-cyclohexyl)-benzeneacetamide, (trans)-Isomer	D019900	U-50488H	T059271
Antihypertensive Agents	D000959	3,4-Dichloro-N-methyl-N-(2-(1-pyrrolidinyl)-cyclohexyl)-benzeneacetamide, (trans)-Isomer	D019900	U50,488H	T059270
Antihypertensive Agents	D000959	3,4-Dichloro-N-methyl-N-(2-(1-pyrrolidinyl)-cyclohexyl)-benzeneacetamide, (trans)-Isomer	D019900	U50488	T059269
Antihypertensive Agents	D000959	3,4-Dichloro-N-methyl-N-(2-(1-pyrrolidinyl)-cyclohexyl)-benzeneacetamide, (trans)-Isomer	D019900	U50488H	T059272
Antihypertensive Agents	D000959	Brimonidine Tartrate	D000068438	UK 14,304	T095045
Antihypertensive Agents	D000959	Brimonidine Tartrate	D000068438	UK 14,304 18	T095046
Antihypertensive Agents	D000959	Brimonidine Tartrate	D000068438	UK 14,304-18	T095046
Antihypertensive Agents	D000959	Brimonidine Tartrate	D000068438	UK 14,30418	T095046
Antihypertensive Agents	D000959	Brimonidine Tartrate	D000068438	UK 14,308	T095050
Antihypertensive Agents	D000959	Brimonidine Tartrate	D000068438	UK 14304	T095047
Antihypertensive Agents	D000959	Brimonidine Tartrate	D000068438	UK 14308	T095048
Antihypertensive Agents	D000959	Doxazosin	D017292	UK 33274	T051610
Antihypertensive Agents	D000959	Brimonidine Tartrate	D000068438	UK-14,304-18	T095049
Antihypertensive Agents	D000959	Brimonidine Tartrate	D000068438	UK-14,308	T095050
Antihypertensive Agents	D000959	Brimonidine Tartrate	D000068438	UK-14304	T095051
Antihypertensive Agents	D000959	Doxazosin	D017292	UK-33274	T051610
Antihypertensive Agents	D000959	Brimonidine Tartrate	D000068438	UK14,30418	T095049
Antihypertensive Agents	D000959	Brimonidine Tartrate	D000068438	UK14,308	T095050
Antihypertensive Agents	D000959	Brimonidine Tartrate	D000068438	UK14304	T095051
Antihypertensive Agents	D000959	Doxazosin	D017292	UK33274	T051610
Antihypertensive Agents	D000959	Bepridil	D015764	Unicordium	T570535
Antihypertensive Agents	D000959	Doxazosin	D017292	Uriduct	T615319
Antihypertensive Agents	D000959	Bendroflumethiazide	D001539	Urizid	T569446
Antihypertensive Agents	D000959	Reserpine	D012110	V Serp	T616846
Antihypertensive Agents	D000959	Reserpine	D012110	V-Serp	T616846
Antihypertensive Agents	D000959	Valsartan	D000068756	Vals	T620426
Antihypertensive Agents	D000959	Valsartan	D000068756	Valsartan	T000877108
Antihypertensive Agents	D000959	Amlodipine, Valsartan Drug Combination	D000068838	Valsartan, Amlodipine -	T000877424
Antihypertensive Agents	D000959	Bepridil	D015764	Vascor	T046756
Antihypertensive Agents	D000959	Nicardipine	D009529	Vasonase	T579062
Antihypertensive Agents	D000959	Enalaprilat	D015773	Vasotec	T046781
Antihypertensive Agents	D000959	Nitrendipine	D009568	Vastensium	T580164
Antihypertensive Agents	D000959	Protoveratrines	D011526	Veralba	T034054
Antihypertensive Agents	D000959	Protoveratrines	D011526	Veratetrin	T034049
Antihypertensive Agents	D000959	Veratrum Alkaloids	D014704	Veratrum Alkaloids	T043003
Antihypertensive Agents	D000959	Ramipril	D017257	Vesdil	T616824
Antihypertensive Agents	D000959	Vincamine	D014749	Vincamine	T043095
Antihypertensive Agents	D000959	Vincamine	D014749	Vincapront	T043098
Antihypertensive Agents	D000959	Vincamine	D014749	Vincimax	T043096
Antihypertensive Agents	D000959	Pindolol	D010869	Visken	T032054
Antihypertensive Agents	D000959	Doxazosin	D017292	Von Ct, Doxazosin	T000912678
Antihypertensive Agents	D000959	Felodipine	D015736	Von Ct, Felodipin	T000912826
Antihypertensive Agents	D000959	Olmesartan Medoxomil	D000068557	Votum	T584176
Antihypertensive Agents	D000959	Guanabenz	D006143	WY 8678	T018640
Antihypertensive Agents	D000959	Guanabenz	D006143	WY-8678	T018640
Antihypertensive Agents	D000959	Guanabenz	D006143	WY8678	T018640
Antihypertensive Agents	D000959	Indoramin	D007217	Wy 21901	T021642
Antihypertensive Agents	D000959	Indoramin	D007217	Wy-21901	T021642
Antihypertensive Agents	D000959	Indoramin	D007217	Wy21901	T021642
Antihypertensive Agents	D000959	Guanabenz	D006143	Wyeth Ayerst of Guanabenz Acetate	T766841
Antihypertensive Agents	D000959	Guanabenz	D006143	Wyeth-Ayerst of Guanabenz Acetate	T766841
Antihypertensive Agents	D000959	Guanabenz	D006143	Wytensin	T018641
Antihypertensive Agents	D000959	Enalaprilat	D015773	Xanef	T617301
Antihypertensive Agents	D000959	Xipamide	D014988	Xipamid	T043757
Antihypertensive Agents	D000959	Xipamide	D014988	Xipamide	T043756
Antihypertensive Agents	D000959	Nicardipine	D009529	Y 93	T028375
Antihypertensive Agents	D000959	Nicardipine	D009529	Y-93	T028375
Antihypertensive Agents	D000959	Nicardipine	D009529	Y93	T028375
Antihypertensive Agents	D000959	Travoprost	D000069557	Z, Travatan	T704220
Antihypertensive Agents	D000959	Phentolamine	D010646	Z-Max	T614905
Antihypertensive Agents	D000959	Ramipril	D017257	Zabien	T616816
Antihypertensive Agents	D000959	Metolazone	D008788	Zaroxolyn	T026225
Antihypertensive Agents	D000959	Lisinopril	D017706	Zestril	T052962
Antihypertensive Agents	D000959	Doxazosin	D017292	Zoxan	T615320
Antihypertensive Agents	D000959	Methyldopa	D008750	alpha Methyl L Dopa	T026068
Antihypertensive Agents	D000959	Methyldopa	D008750	alpha Methyldopa	T026072
Antihypertensive Agents	D000959	Methyldopa	D008750	alpha-Methyl-L-Dopa	T026068
Antihypertensive Agents	D000959	Methyldopa	D008750	alpha-Methyldopa	T026072
Antihypertensive Agents	D000959	Nimodipine	D009553	e 9736, Bay	T028476
Antihypertensive Agents	D000959	Hydralazine	D006830	mono-Hydrochloride, Hydralazine	T360450
Antihypertensive Agents	D000959	Nitrendipine	D009568	nitrendipin corax	T580128
Antihypertensive Agents	D000959	Nitrendipine	D009568	nitrendipin von ct	T580126
Antihypertensive Agents	D000959	Nitrendipine	D009568	nitrendipin-corax	T580128
Antihypertensive Agents	D000959	Nitrendipine	D009568	nitrendipincorax	T580128
Antihypertensive Agents	D000959	Doxazosin	D017292	ratio Doxazosin	T615318
Antihypertensive Agents	D000959	Doxazosin	D017292	ratio-Doxazosin	T615318
Antihypertensive Agents	D000959	3,4-Dichloro-N-methyl-N-(2-(1-pyrrolidinyl)-cyclohexyl)-benzeneacetamide, (trans)-Isomer	D019900	trans-3,4-Dichloro-N-methyl-N-(2-(1-pyrrolidinyl)-cyclohexyl)-benzeneacetamide	T424636
Antihypertensive Agents	D000959	3,4-Dichloro-N-methyl-N-(2-(1-pyrrolidinyl)-cyclohexyl)-benzeneacetamide, (trans)-Isomer	D019900	trans-3,4-Dichloro-N-methyl-N-(2-(1-pyrrolidinyl)-cyclohexyl)-benzeneacetamide Hydrochloride	T059273
